# This file uses centimeters as units for non-parametric coordinates.

mtllib all_obstacle.mtl
g default
v 1.839368 2.146472 2.045500
v 1.813227 2.148179 2.019358
v 1.878085 2.149880 2.045500
v 1.904227 2.148179 2.019358
v 1.901878 2.477501 2.045500
v 1.879234 2.491047 2.019358
v 1.934685 2.457877 2.045500
v 1.957328 2.444331 2.019358
v 2.099892 2.693906 2.045500
v 2.087539 2.717222 2.019358
v 2.117788 2.660125 2.045500
v 2.130141 2.636809 2.019358
v 2.328283 2.786645 2.025521
v 2.328283 2.751916 2.059984
v 2.328283 2.689802 2.025521
v 2.328283 2.720006 2.059984
v 2.328283 2.786645 1.974479
v 2.328283 2.751916 1.940016
v 2.328283 2.720006 1.940016
v 2.328283 2.689802 1.974479
v 2.099892 2.693906 1.954500
v 2.087539 2.717222 1.980642
v 2.117788 2.660125 1.954500
v 2.130141 2.636809 1.980642
v 1.901878 2.477501 1.954500
v 1.879234 2.491047 1.980642
v 1.934685 2.457877 1.954500
v 1.957328 2.444331 1.980642
v 1.839368 2.146472 1.954500
v 1.813227 2.148179 1.980642
v 1.878085 2.149880 1.954500
v 1.904227 2.148179 1.980642
v 2.380492 2.745836 2.130783
v 2.380492 2.790738 2.055642
v 2.380492 2.697760 2.130783
v 2.380492 2.666107 2.090397
v 2.380492 2.666107 1.909604
v 2.380492 2.697760 1.869217
v 2.380492 2.745836 1.869217
v 2.380492 2.790738 1.944358
v 2.557811 2.745836 2.130783
v 2.557811 2.790738 2.055642
v 2.557811 2.697760 2.130783
v 2.557811 2.666107 2.090397
v 2.557811 2.666107 1.909604
v 2.557811 2.697760 1.869217
v 2.557811 2.745836 1.869217
v 2.557811 2.790738 1.944358
v 2.690413 2.734318 2.065186
v 2.659460 2.763322 2.027734
v 2.690413 2.692297 2.065186
v 2.659460 2.663293 2.027734
v 2.659460 2.663293 1.972266
v 2.690413 2.692297 1.934814
v 2.690413 2.734318 1.934814
v 2.659460 2.763322 1.972266
v 1.839368 0.713929 2.045500
v 1.813227 0.714441 2.019358
v 1.813227 0.714441 1.980642
v 1.839368 0.713929 1.954500
v 1.878085 0.714951 1.954500
v 1.904227 0.714441 1.980642
v 1.904227 0.714441 2.019358
v 1.878085 0.714951 2.045500
v 1.836972 -0.000000 2.115037
v 1.769925 -0.000000 2.047990
v 1.836972 0.643942 2.115037
v 1.769925 0.644454 2.047990
v 2.000000 -0.000000 2.047990
v 1.932953 -0.000000 2.115037
v 2.000000 0.644454 2.047990
v 1.932953 0.644964 2.115037
v 1.769925 0.644454 1.952010
v 1.836972 0.643942 1.884963
v 1.836972 -0.000000 1.884963
v 1.769925 -0.000000 1.952010
v 1.932953 0.644964 1.884963
v 2.000000 0.644454 1.952010
v 2.000000 -0.000000 1.952010
v 1.932953 -0.000000 1.884963
vt 0.894964 0.241220
vt 0.901096 0.248054
vt 0.879967 0.247694
vt 0.886268 0.241042
vt 0.858977 0.018286
vt 0.875962 0.016471
vt 0.885363 0.125170
vt 0.871626 0.129429
vt 0.893183 0.014848
vt 0.910684 0.014374
vt 0.912097 0.120355
vt 0.899033 0.122278
vt 0.797136 0.251759
vt 0.803841 0.251759
vt 0.803841 0.304607
vt 0.797136 0.304607
vt 0.809729 0.251759
vt 0.816206 0.251759
vt 0.816206 0.304607
vt 0.809729 0.304607
vt 0.803841 0.350224
vt 0.797136 0.350224
vt 0.816206 0.350224
vt 0.809729 0.350224
vt 0.906711 0.184841
vt 0.896149 0.185397
vt 0.943534 0.185585
vt 0.935989 0.182459
vt 0.885819 0.185767
vt 0.875468 0.184991
vt 0.835250 0.350224
vt 0.789723 0.350224
vt 0.869933 0.182461
vt 0.952397 0.185456
vt 0.822904 0.350224
vt 0.829345 0.350224
vt 0.835250 0.304607
vt 0.789723 0.304607
vt 0.822904 0.304607
vt 0.829345 0.304607
vt 0.835250 0.251759
vt 0.841751 0.251759
vt 0.822904 0.251759
vt 0.829345 0.251759
vt 0.856498 0.134853
vt 0.952370 0.127762
vt 0.962811 0.016978
vt 0.979536 0.018840
vt 0.938549 0.123603
vt 0.925456 0.120985
vt 0.928407 0.014327
vt 0.945856 0.015179
vt 0.915695 0.197251
vt 0.900912 0.194635
vt 0.924730 0.194174
vt 0.933087 0.195385
vt 0.962816 0.195453
vt 0.858391 0.196186
vt 0.866167 0.197183
vt 0.881039 0.194880
vt 0.914070 0.227195
vt 0.899835 0.224377
vt 0.923933 0.225477
vt 0.932674 0.225077
vt 0.963446 0.224861
vt 0.859632 0.229914
vt 0.867406 0.226640
vt 0.881695 0.224137
vt 0.936642 0.248572
vt 0.943548 0.241695
vt 0.952769 0.241758
vt 0.877299 0.254005
vt 0.879212 0.142532
vt 0.888644 0.141033
vt 0.950722 0.146164
vt 0.944337 0.142756
vt 0.934122 0.141054
vt 0.923129 0.140434
vt 0.911559 0.141069
vt 0.900112 0.140624
vt 0.809729 0.014327
vt 0.803841 0.014327
vt 0.816206 0.014327
vt 0.822904 0.014327
vt 0.829345 0.014327
vt 0.835250 0.014327
vt 0.841751 0.014327
vt 0.797136 0.014327
vt 0.822904 0.387596
vt 0.829345 0.387596
vt 0.835250 0.387596
vt 0.789723 0.387596
vt 0.809729 0.387596
vt 0.816206 0.387596
vt 0.803841 0.387596
vt 0.797136 0.387596
vt 0.842616 0.020141
vt 0.966284 0.133668
vt 0.789723 0.014327
vt 0.872335 0.146154
vt 0.789723 0.251759
vt 0.841751 0.304607
vt 0.841751 0.350224
vt 0.841751 0.387596
vt 0.903737 0.253933
vt 0.959796 0.248410
vt 0.972040 0.225156
vt 0.921423 0.230533
vt 0.971371 0.194277
vt 0.923918 0.196521
vt 0.960048 0.182465
vt 0.912378 0.182472
vt 0.923129 0.140434
vt 0.934122 0.141054
vt 0.944337 0.142756
vt 0.900112 0.140624
vt 0.911559 0.141069
vt 0.879212 0.142532
vt 0.888644 0.141033
vn 0.683759 0.729708 0.000000
vn 0.683759 0.729708 0.000000
vn 0.683759 0.729708 0.000000
vn 0.683759 0.729708 0.000000
vn -0.707107 0.000000 0.707107
vn -0.707107 0.000000 0.707107
vn -0.707107 0.000000 0.707107
vn -0.707107 0.000000 0.707107
vn 0.707107 0.000000 0.707107
vn 0.707107 0.000000 0.707107
vn 0.707107 0.000000 0.707107
vn 0.707107 0.000000 0.707107
vn -0.704655 0.134383 0.696709
vn -0.704655 0.134383 0.696709
vn -0.704654 0.134383 0.696709
vn -0.704655 0.134383 0.696709
vn 0.706180 -0.128228 0.696324
vn 0.706180 -0.128228 0.696324
vn 0.706180 -0.128228 0.696324
vn 0.706180 -0.128228 0.696324
vn -0.528785 0.485462 0.696213
vn -0.528785 0.485462 0.696213
vn -0.528785 0.485462 0.696213
vn -0.528785 0.485462 0.696213
vn 0.533290 -0.480856 0.695974
vn 0.533290 -0.480856 0.695974
vn 0.533290 -0.480856 0.695974
vn 0.533290 -0.480856 0.695974
vn -0.216173 0.682738 0.697953
vn -0.216173 0.682738 0.697953
vn -0.216173 0.682738 0.697953
vn -0.216173 0.682738 0.697953
vn 0.165567 -0.722238 0.671535
vn 0.165567 -0.722238 0.671535
vn 0.165567 -0.722238 0.671535
vn 0.165567 -0.722238 0.671535
vn -0.216173 0.682738 -0.697953
vn -0.216173 0.682738 -0.697953
vn -0.216173 0.682738 -0.697953
vn -0.216173 0.682738 -0.697953
vn 0.165567 -0.722238 -0.671536
vn 0.165567 -0.722238 -0.671536
vn 0.165567 -0.722238 -0.671535
vn 0.165567 -0.722238 -0.671535
vn -0.528785 0.485462 -0.696213
vn -0.528785 0.485462 -0.696213
vn -0.528785 0.485462 -0.696213
vn -0.528785 0.485462 -0.696214
vn 0.533290 -0.480856 -0.695974
vn 0.533290 -0.480856 -0.695974
vn 0.533290 -0.480856 -0.695974
vn 0.533290 -0.480856 -0.695974
vn -0.704654 0.134383 -0.696709
vn -0.704654 0.134383 -0.696709
vn -0.704654 0.134383 -0.696709
vn -0.704654 0.134383 -0.696709
vn 0.706180 -0.128228 -0.696324
vn 0.706180 -0.128228 -0.696324
vn 0.706180 -0.128228 -0.696324
vn 0.706180 -0.128228 -0.696324
vn -0.707107 0.000000 -0.707107
vn -0.707107 0.000000 -0.707107
vn -0.707107 0.000000 -0.707107
vn -0.707107 0.000000 -0.707107
vn 0.707107 0.000000 -0.707107
vn 0.707107 0.000000 -0.707107
vn 0.707107 0.000000 -0.707107
vn 0.707107 0.000000 -0.707107
vn 0.000000 0.000000 1.000000
vn 0.000000 0.000000 1.000000
vn 0.000000 0.000000 1.000000
vn 0.000000 0.000000 1.000000
vn -0.000000 0.000000 1.000000
vn -0.000000 0.000000 1.000000
vn -0.000000 0.000000 1.000000
vn -0.000000 0.000000 1.000000
vn -0.000000 0.000000 1.000000
vn -0.000000 0.000000 1.000000
vn -0.000000 0.000000 1.000000
vn -0.000000 0.000000 1.000000
vn -0.061379 -0.016721 0.997974
vn -0.061379 -0.016721 0.997975
vn -0.061379 -0.016721 0.997974
vn -0.061379 -0.016721 0.997975
vn -0.061379 -0.016722 -0.997975
vn -0.061379 -0.016722 -0.997975
vn -0.061379 -0.016722 -0.997974
vn -0.061379 -0.016722 -0.997974
vn 0.000000 0.000000 -1.000000
vn 0.000000 0.000000 -1.000000
vn 0.000000 0.000000 -1.000000
vn 0.000000 0.000000 -1.000000
vn 0.000000 0.000000 -1.000000
vn 0.000000 0.000000 -1.000000
vn 0.000000 0.000000 -1.000000
vn 0.000000 0.000000 -1.000000
vn 0.000000 0.000000 -1.000000
vn 0.000000 0.000000 -1.000000
vn 0.000000 0.000000 -1.000000
vn 0.000000 0.000000 -1.000000
vn 1.000000 0.000000 0.000000
vn 1.000000 0.000000 0.000000
vn 1.000000 0.000000 0.000000
vn 1.000000 0.000000 0.000000
vn 0.984302 -0.176491 0.000000
vn 0.984302 -0.176491 0.000000
vn 0.984302 -0.176491 0.000000
vn 0.984302 -0.176491 0.000000
vn 0.744097 -0.668072 0.000000
vn 0.744097 -0.668072 0.000000
vn 0.744097 -0.668072 0.000000
vn 0.744097 -0.668072 0.000000
vn 0.258369 -0.966046 0.000000
vn 0.258369 -0.966046 0.000000
vn 0.258369 -0.966046 0.000000
vn 0.258369 -0.966046 0.000000
vn -1.000000 0.000000 0.000000
vn -1.000000 0.000000 0.000000
vn -1.000000 0.000000 0.000000
vn -1.000000 0.000000 0.000000
vn -0.981968 0.189045 0.000000
vn -0.981968 0.189045 0.000000
vn -0.981968 0.189045 0.000000
vn -0.981968 0.189045 0.000000
vn -0.735568 0.677451 0.000000
vn -0.735568 0.677451 0.000000
vn -0.735568 0.677451 0.000000
vn -0.735568 0.677451 0.000000
vn -0.277079 0.960847 0.000000
vn -0.277079 0.960847 0.000000
vn -0.277079 0.960847 0.000000
vn -0.277079 0.960847 0.000000
vn -0.483732 0.708071 0.514432
vn -0.483732 0.708071 0.514432
vn -0.483732 0.708071 0.514432
vn -0.483732 0.708071 0.514432
vn -0.804835 0.000002 0.593499
vn -0.804835 0.000002 0.593499
vn -0.804835 0.000002 0.593499
vn -0.804835 0.000002 0.593499
vn -0.759311 -0.501609 0.414530
vn -0.759311 -0.501609 0.414530
vn -0.759311 -0.501609 0.414530
vn -0.759311 -0.501609 0.414530
vn -0.413283 -0.910603 0.000000
vn -0.413283 -0.910603 0.000000
vn -0.413283 -0.910603 0.000000
vn -0.413283 -0.910603 0.000000
vn -0.759311 -0.501609 -0.414530
vn -0.759311 -0.501609 -0.414530
vn -0.759311 -0.501609 -0.414530
vn -0.759311 -0.501609 -0.414530
vn -0.804835 -0.000001 -0.593499
vn -0.804835 -0.000001 -0.593499
vn -0.804835 -0.000001 -0.593499
vn -0.804835 -0.000001 -0.593499
vn -0.483732 0.708069 -0.514433
vn -0.483732 0.708069 -0.514433
vn -0.483732 0.708069 -0.514433
vn -0.483732 0.708069 -0.514433
vn -0.078161 0.996941 0.000000
vn -0.078161 0.996941 0.000000
vn -0.078161 0.996941 0.000000
vn -0.078161 0.996941 0.000000
vn 0.000000 0.858410 0.512964
vn 0.000000 0.858410 0.512964
vn 0.000000 0.858410 0.512964
vn 0.000000 0.858410 0.512964
vn 0.000000 0.000000 1.000000
vn 0.000000 0.000000 1.000000
vn 0.000000 0.000000 1.000000
vn 0.000000 0.000000 1.000000
vn 0.000000 -0.787074 0.616859
vn 0.000000 -0.787074 0.616859
vn 0.000000 -0.787074 0.616859
vn 0.000000 -0.787074 0.616859
vn 0.000000 -1.000000 0.000000
vn 0.000000 -1.000000 0.000000
vn 0.000000 -1.000000 0.000000
vn 0.000000 -1.000000 0.000000
vn 0.000000 -0.787073 -0.616860
vn 0.000000 -0.787073 -0.616860
vn 0.000000 -0.787073 -0.616860
vn 0.000000 -0.787073 -0.616860
vn 0.000000 -0.000002 -1.000000
vn 0.000000 -0.000002 -1.000000
vn 0.000000 -0.000002 -1.000000
vn 0.000000 -0.000002 -1.000000
vn 0.000000 0.858409 -0.512966
vn 0.000000 0.858409 -0.512966
vn 0.000000 0.858409 -0.512966
vn 0.000000 0.858409 -0.512966
vn 0.000000 1.000000 0.000000
vn 0.000000 1.000000 0.000000
vn 0.000000 1.000000 0.000000
vn 0.000000 1.000000 0.000000
vn 0.320259 0.829955 0.456738
vn 0.320259 0.829955 0.456738
vn 0.320259 0.829955 0.456738
vn 0.320259 0.829955 0.456738
vn 0.443407 0.000000 0.896321
vn 0.443407 0.000000 0.896321
vn 0.443407 0.000000 0.896321
vn 0.443407 0.000000 0.896321
vn 0.260007 -0.809063 0.527080
vn 0.260007 -0.809063 0.527080
vn 0.260007 -0.809063 0.527080
vn 0.260007 -0.809063 0.527080
vn -0.027674 -0.999617 0.000000
vn -0.027674 -0.999617 0.000000
vn -0.027674 -0.999617 0.000000
vn -0.027674 -0.999617 0.000000
vn 0.260007 -0.809063 -0.527080
vn 0.260007 -0.809063 -0.527080
vn 0.260007 -0.809063 -0.527080
vn 0.260007 -0.809063 -0.527080
vn 0.443404 -0.000002 -0.896322
vn 0.443404 -0.000002 -0.896322
vn 0.443404 -0.000002 -0.896322
vn 0.443404 -0.000002 -0.896322
vn 0.320260 0.829954 -0.456738
vn 0.320260 0.829954 -0.456738
vn 0.320260 0.829954 -0.456738
vn 0.320260 0.829954 -0.456738
vn 0.260407 0.965499 0.000000
vn 0.260407 0.965499 0.000000
vn 0.260407 0.965499 0.000000
vn 0.260407 0.965499 0.000000
vn 1.000000 0.000001 0.000000
vn 1.000000 0.000001 0.000000
vn 1.000000 0.000001 0.000000
vn 1.000000 0.000001 0.000000
vn 0.683760 -0.729707 0.000000
vn 0.683760 -0.729707 0.000000
vn 0.683760 -0.729707 0.000000
vn 0.683760 -0.729707 0.000000
vn -0.707108 0.000000 0.707106
vn -0.707108 0.000000 0.707106
vn -0.707108 0.000000 0.707106
vn -0.707108 0.000000 0.707106
vn -1.000000 0.000000 0.000000
vn -1.000000 0.000000 0.000000
vn -1.000000 0.000000 0.000000
vn -1.000000 0.000000 0.000000
vn -0.707108 0.000000 -0.707106
vn -0.707108 0.000000 -0.707106
vn -0.707108 0.000000 -0.707106
vn -0.707108 0.000000 -0.707106
vn 0.000000 0.000000 -1.000000
vn 0.000000 0.000000 -1.000000
vn 0.000000 0.000000 -1.000000
vn 0.000000 0.000000 -1.000000
vn 0.707108 0.000000 -0.707106
vn 0.707108 0.000000 -0.707106
vn 0.707108 0.000000 -0.707106
vn 0.707108 0.000000 -0.707106
vn 1.000000 0.000000 0.000000
vn 1.000000 0.000000 0.000000
vn 1.000000 0.000000 0.000000
vn 1.000000 0.000000 0.000000
vn 0.707108 0.000000 0.707106
vn 0.707108 0.000000 0.707106
vn 0.707108 0.000000 0.707106
vn 0.707108 0.000000 0.707106
vn 0.000000 0.000000 1.000000
vn 0.000000 0.000000 1.000000
vn 0.000000 0.000000 1.000000
vn 0.000000 0.000000 1.000000
vn -0.568348 0.588698 0.574818
vn -0.568348 0.588698 0.574818
vn -0.568348 0.588698 0.574818
vn -0.568348 0.588698 0.574818
vn 0.443963 0.783157 0.435388
vn 0.443963 0.783157 0.435388
vn 0.443963 0.783157 0.435388
vn 0.443963 0.783157 0.435388
vn -0.568348 0.588698 -0.574818
vn -0.568348 0.588698 -0.574818
vn -0.568348 0.588698 -0.574818
vn -0.568348 0.588698 -0.574818
vn 0.443963 0.783157 -0.435388
vn 0.443963 0.783156 -0.435388
vn 0.443963 0.783157 -0.435388
vn 0.443963 0.783157 -0.435388
vn -0.010667 0.702771 0.711336
vn -0.010667 0.702771 0.711336
vn -0.010667 0.702771 0.711336
vn -0.010667 0.702771 0.711336
vn -0.010667 0.702771 -0.711336
vn -0.010667 0.702771 -0.711336
vn -0.010667 0.702771 -0.711336
vn -0.010667 0.702771 -0.711336
vn 0.590008 0.807397 0.000000
vn 0.590008 0.807397 0.000000
vn 0.590008 0.807397 0.000000
vn 0.590008 0.807397 0.000000
vn -0.850392 0.526149 0.000000
vn -0.850392 0.526149 0.000000
vn -0.850392 0.526149 0.000000
vn -0.850392 0.526149 0.000000
s off
g lampadaire decor1
usemtl initialShadingGroup
f 50/1/1 49/2/2 55/3/3 56/4/4
f 66/5/5 65/6/6 67/7/7 68/8/8
f 70/9/9 69/10/10 71/11/11 72/12/12
f 2/13/13 1/14/14 5/15/15 6/16/16
f 3/17/17 4/18/18 8/19/19 7/20/20
f 6/16/21 5/15/22 9/21/23 10/22/24
f 7/20/25 8/19/26 12/23/27 11/24/28
f 10/22/29 9/21/30 14/95/31 13/96/32
f 11/24/33 12/23/34 15/94/35 16/93/36
f 17/104/37 18/91/38 21/31/39 22/103/40
f 19/90/41 20/89/42 24/35/43 23/36/44
f 22/103/45 21/31/46 25/37/47 26/102/48
f 23/36/49 24/35/50 28/39/51 27/40/52
f 26/102/53 25/37/54 29/41/55 30/42/56
f 27/40/57 28/39/58 32/43/59 31/44/60
f 73/98/61 74/46/62 75/47/63 76/48/64
f 77/49/65 78/50/66 79/51/67 80/52/68
f 72/12/69 67/7/70 65/6/71 70/9/72
f 5/15/73 1/14/74 3/17/75 7/20/76
f 9/21/77 5/15/78 7/20/79 11/24/80
f 14/95/81 9/21/82 11/24/83 16/93/84
f 21/31/85 18/91/86 19/90/87 23/36/88
f 25/37/89 21/31/90 23/36/91 27/40/92
f 29/41/93 25/37/94 27/40/95 31/44/96
f 75/47/97 74/46/98 77/49/99 80/52/100
f 78/50/101 71/11/102 69/10/103 79/51/104
f 8/19/105 4/18/106 32/43/107 28/39/108
f 12/23/109 8/19/110 28/39/111 24/35/112
f 15/94/113 12/23/114 24/35/115 20/89/116
f 68/8/117 73/45/118 76/97/119 66/5/120
f 26/38/121 30/101/122 2/13/123 6/16/124
f 22/32/125 26/38/126 6/16/127 10/22/128
f 17/92/129 22/32/130 10/22/131 13/96/132
f 13/26/133 14/25/134 33/53/135 34/54/136
f 14/25/137 16/112/138 35/110/139 33/53/140
f 16/28/141 15/27/142 36/56/143 35/55/144
f 15/27/145 20/34/146 37/57/147 36/56/148
f 20/34/149 19/111/150 38/109/151 37/57/152
f 19/33/153 18/30/154 39/59/155 38/58/156
f 18/30/157 17/29/158 40/60/159 39/59/160
f 17/29/161 13/26/162 34/54/163 40/60/164
f 34/54/165 33/53/166 41/61/167 42/62/168
f 33/53/169 35/110/170 43/108/171 41/61/172
f 35/55/173 36/56/174 44/64/175 43/63/176
f 36/56/177 37/57/178 45/65/179 44/64/180
f 37/57/181 38/109/182 46/107/183 45/65/184
f 38/58/185 39/59/186 47/67/187 46/66/188
f 39/59/189 40/60/190 48/68/191 47/67/192
f 40/60/193 34/54/194 42/62/195 48/68/196
f 42/62/197 41/61/198 49/2/199 50/1/200
f 41/61/201 43/108/202 51/105/203 49/2/204
f 43/63/205 44/64/206 52/70/207 51/69/208
f 44/64/209 45/65/210 53/71/211 52/70/212
f 45/65/213 46/107/214 54/106/215 53/71/216
f 46/66/217 47/67/218 55/3/219 54/72/220
f 47/67/221 48/68/222 56/4/223 55/3/224
f 48/68/225 42/62/226 50/1/227 56/4/228
f 55/3/229 49/2/230 51/105/231 54/72/232
f 54/106/233 51/69/234 52/70/235 53/71/236
f 58/88/237 57/82/238 1/14/239 2/13/240
f 30/101/241 59/99/242 58/88/243 2/13/244
f 30/42/245 29/41/246 60/86/247 59/87/248
f 61/85/249 60/86/250 29/41/251 31/44/252
f 31/44/253 32/43/254 62/84/255 61/85/256
f 4/18/257 63/83/258 62/84/259 32/43/260
f 64/81/261 63/83/262 4/18/263 3/17/264
f 1/14/265 57/82/266 64/81/267 3/17/268
f 57/74/269 58/118/270 68/8/271 67/7/272
f 63/79/273 64/116/274 72/12/275 71/11/276
f 59/75/277 60/115/278 74/46/279 73/98/280
f 61/77/281 62/113/282 78/50/283 77/49/284
f 64/80/285 57/119/286 67/7/287 72/12/288
f 60/76/289 61/114/290 77/49/291 74/46/292
f 62/78/293 63/117/294 71/11/295 78/50/296
f 58/73/297 59/100/298 73/45/299 68/8/300
g default
v 2.450000 0.840006 0.050000
v 2.509994 0.900000 0.050000
v 2.450000 0.840006 -0.050000
v 2.509994 0.900000 -0.050000
v 5.490006 0.900000 0.050000
v 5.550000 0.840006 0.050000
v 5.550000 0.840006 -0.050000
v 5.490006 0.900000 -0.050000
v 2.509994 0.600000 0.050000
v 2.450000 0.659994 0.050000
v 2.450000 0.659994 -0.050000
v 2.509994 0.600000 -0.050000
v 5.550000 0.659994 0.050000
v 5.490006 0.600000 0.050000
v 5.490006 0.600000 -0.050000
v 5.550000 0.659994 -0.050000
v 2.526563 0.860000 -0.050000
v 2.490000 0.823437 -0.050000
v 5.473437 0.860000 -0.050000
v 5.510000 0.823437 -0.050000
v 5.510000 0.676562 -0.050000
v 5.473437 0.640000 -0.050000
v 2.526563 0.640000 -0.050000
v 2.490000 0.676562 -0.050000
v 2.526563 0.640000 0.050000
v 2.490000 0.676562 0.050000
v 5.473437 0.640000 0.050000
v 5.510000 0.676562 0.050000
v 5.510000 0.823437 0.050000
v 5.473437 0.860000 0.050000
v 2.526563 0.860000 0.050000
v 2.490000 0.823437 0.050000
v 3.550000 0.000000 -0.030000
v 3.520000 0.000000 -0.000000
v 3.550000 0.000000 0.030000
v 3.580000 0.000000 0.000000
v 3.550000 0.924740 -0.030000
v 3.520000 0.924740 -0.000000
v 3.550000 0.924740 0.030000
v 3.580000 0.924740 0.000000
v 4.450000 0.000000 -0.030000
v 4.420000 0.000000 -0.000000
v 4.450000 0.000000 0.030000
v 4.480000 0.000000 0.000000
v 4.450000 0.924740 -0.030000
v 4.420000 0.924740 -0.000000
v 4.450000 0.924740 0.030000
v 4.480000 0.924740 0.000000
vt 0.334950 0.908998
vt 0.346802 0.891524
vt 0.955844 0.890648
vt 0.967722 0.908927
vt 0.347014 0.827747
vt 0.335156 0.809454
vt 0.967741 0.809391
vt 0.955903 0.826878
vt 0.964490 0.840378
vt 0.980380 0.833562
vt 0.978901 0.883364
vt 0.965468 0.878234
vt 0.323922 0.834960
vt 0.337339 0.840139
vt 0.338229 0.878002
vt 0.322310 0.884777
vt 0.975438 0.977361
vt 0.975434 0.932435
vt 0.958336 0.843544
vt 0.959194 0.874417
vt 0.338538 0.917698
vt 0.315523 0.883547
vt 0.981259 0.900936
vt 0.986309 0.882916
vt 0.987171 0.834767
vt 0.964156 0.800692
vt 0.321615 0.817376
vt 0.316516 0.835370
vt 0.373657 0.932487
vt 0.366191 0.939954
vt 0.373661 0.977413
vt 0.344397 0.874851
vt 0.343596 0.843982
vt 0.366193 0.969947
vt 0.350359 0.883006
vt 0.952119 0.882174
vt 0.982904 0.969894
vt 0.982901 0.939901
vt 0.952370 0.835397
vt 0.350707 0.836223
vt 0.338600 0.800755
vt 0.980979 0.817357
vt 0.964279 0.917626
vt 0.321712 0.900997
vt 0.904707 0.475273
vt 0.912208 0.475273
vt 0.912208 0.638776
vt 0.904707 0.638776
vt 0.919709 0.475273
vt 0.919709 0.638776
vt 0.927211 0.475273
vt 0.927211 0.638776
vt 0.934712 0.475273
vt 0.934712 0.638776
vt 0.919709 0.646278
vt 0.912208 0.646278
vt 0.904707 0.475273
vt 0.912208 0.475273
vt 0.912208 0.638776
vt 0.904707 0.638776
vt 0.919709 0.475273
vt 0.919709 0.638776
vt 0.927211 0.475273
vt 0.927211 0.638776
vt 0.934712 0.475273
vt 0.934712 0.638776
vt 0.919709 0.646278
vt 0.912208 0.646278
vn 0.000000 1.000000 0.000000
vn 0.000000 1.000000 0.000000
vn 0.000000 1.000000 0.000000
vn 0.000000 1.000000 0.000000
vn 0.000000 -1.000000 0.000000
vn 0.000000 -1.000000 0.000000
vn 0.000000 -1.000000 0.000000
vn 0.000000 -1.000000 0.000000
vn 1.000000 0.000000 0.000000
vn 1.000000 0.000000 0.000000
vn 1.000000 0.000000 0.000000
vn 1.000000 0.000000 0.000000
vn -1.000000 0.000000 0.000000
vn -1.000000 0.000000 0.000000
vn -1.000000 0.000000 0.000000
vn -1.000000 0.000000 0.000000
vn 0.000000 0.000000 1.000000
vn 0.000000 0.000000 1.000000
vn 0.000000 0.000000 1.000000
vn 0.000000 0.000000 1.000000
vn -0.707107 0.707107 0.000000
vn -0.707107 0.707107 0.000000
vn -0.707107 0.707107 0.000000
vn -0.707107 0.707107 0.000000
vn 0.707107 0.707107 0.000000
vn 0.707107 0.707107 0.000000
vn 0.707107 0.707107 0.000000
vn 0.707107 0.707107 0.000000
vn -0.707107 -0.707107 0.000000
vn -0.707107 -0.707107 0.000000
vn -0.707107 -0.707107 0.000000
vn -0.707107 -0.707107 0.000000
vn 0.707107 -0.707107 0.000000
vn 0.707107 -0.707107 0.000000
vn 0.707107 -0.707107 0.000000
vn 0.707107 -0.707107 0.000000
vn -0.000000 0.000000 -1.000000
vn 0.000000 0.000000 -1.000000
vn 0.000000 0.000000 -1.000000
vn -0.000000 0.000000 -1.000000
vn -0.000000 0.000000 -1.000000
vn -0.000000 0.000000 -1.000000
vn 0.000000 0.000000 -1.000000
vn 0.000000 0.000000 -1.000000
vn 0.000000 0.000000 -1.000000
vn 0.000000 0.000000 -1.000000
vn -0.000000 0.000000 -1.000000
vn -0.000000 0.000000 -1.000000
vn 0.000000 0.000000 -1.000000
vn 0.000000 0.000000 -1.000000
vn -0.000000 0.000000 -1.000000
vn -0.000000 0.000000 -1.000000
vn -0.000000 0.000000 1.000000
vn 0.000000 0.000000 1.000000
vn -0.000000 0.000000 1.000000
vn -0.000000 0.000000 1.000000
vn -0.000000 0.000000 1.000000
vn 0.000000 0.000000 1.000000
vn 0.000000 0.000000 1.000000
vn -0.000000 0.000000 1.000000
vn 0.000000 0.000000 1.000000
vn -0.000000 0.000000 1.000000
vn -0.000000 0.000000 1.000000
vn -0.000000 0.000000 1.000000
vn -0.707107 0.000000 -0.707107
vn -0.707107 0.000000 -0.707107
vn -0.707107 0.000000 -0.707107
vn -0.707107 0.000000 -0.707107
vn -0.707107 0.000000 0.707107
vn -0.707107 0.000000 0.707107
vn -0.707107 0.000000 0.707107
vn -0.707107 0.000000 0.707107
vn 0.707107 0.000000 0.707107
vn 0.707107 0.000000 0.707107
vn 0.707107 0.000000 0.707107
vn 0.707107 0.000000 0.707107
vn 0.707107 0.000000 -0.707107
vn 0.707107 0.000000 -0.707107
vn 0.707107 0.000000 -0.707107
vn 0.707107 0.000000 -0.707107
vn 0.000000 1.000000 0.000000
vn 0.000000 1.000000 0.000000
vn 0.000000 1.000000 0.000000
vn 0.000000 1.000000 0.000000
vn -0.707107 0.000000 -0.707107
vn -0.707107 0.000000 -0.707107
vn -0.707107 0.000000 -0.707107
vn -0.707107 0.000000 -0.707107
vn -0.707107 0.000000 0.707107
vn -0.707107 0.000000 0.707107
vn -0.707107 0.000000 0.707107
vn -0.707107 0.000000 0.707107
vn 0.707107 0.000000 0.707107
vn 0.707107 0.000000 0.707107
vn 0.707107 0.000000 0.707107
vn 0.707107 0.000000 0.707107
vn 0.707107 0.000000 -0.707107
vn 0.707107 0.000000 -0.707107
vn 0.707107 0.000000 -0.707107
vn 0.707107 0.000000 -0.707107
vn 0.000000 1.000000 0.000000
vn 0.000000 1.000000 0.000000
vn 0.000000 1.000000 0.000000
vn 0.000000 1.000000 0.000000
s off
g decor1 Mini_Panneau_3x1
usemtl initialShadingGroup
f 84/120/301 82/121/302 85/122/303 88/123/304
f 89/124/305 92/125/306 95/126/307 94/127/308
f 93/128/309 96/129/310 87/130/311 86/131/312
f 91/132/313 90/133/314 81/134/315 83/135/316
s 1
f 110/136/317 107/137/318 108/157/319 109/156/320
s off
f 81/134/321 82/121/322 84/120/323 83/135/324
f 85/122/325 86/131/326 87/130/327 88/123/328
f 89/124/329 90/133/330 91/132/331 92/125/332
f 93/128/333 94/127/334 95/126/335 96/129/336
s 2
f 83/135/337 84/120/338 97/163/339 98/141/340
f 84/120/338 88/123/341 99/162/342 97/140/339
f 88/123/341 87/130/343 100/143/344 99/142/342
f 87/130/343 96/129/345 101/144/346 100/143/344
f 96/129/345 95/126/347 102/161/348 101/144/346
f 95/126/347 92/125/349 103/160/350 102/145/348
f 92/125/349 91/132/351 104/147/352 103/146/350
f 91/132/351 83/135/337 98/141/340 104/147/352
s 1
f 90/133/353 89/124/354 105/159/355 106/152/356
f 89/124/354 94/127/357 107/158/318 105/159/355
f 94/127/357 93/128/358 108/138/319 107/158/318
f 93/128/358 86/131/359 109/139/320 108/138/319
f 86/131/359 85/122/360 110/155/317 109/139/320
f 85/122/360 82/121/361 111/154/362 110/155/317
f 82/121/361 81/134/363 112/151/364 111/154/362
f 81/134/363 90/133/353 106/152/356 112/151/364
f 106/149/356 105/148/355 111/150/362 112/153/364
f 111/150/362 105/148/355 107/137/318 110/136/317
s off
f 113/164/365 114/165/366 118/166/367 117/167/368
f 114/165/369 115/168/370 119/169/371 118/166/372
f 115/168/373 116/170/374 120/171/375 119/169/376
f 116/170/377 113/172/378 117/173/379 120/171/380
f 118/166/381 119/169/382 120/174/383 117/175/384
f 121/176/385 122/177/386 126/178/387 125/179/388
f 122/177/389 123/180/390 127/181/391 126/178/392
f 123/180/393 124/182/394 128/183/395 127/181/396
f 124/182/397 121/184/398 125/185/399 128/183/400
f 126/178/401 127/181/402 128/186/403 125/187/404
g default
v 2.569047 1.167496 -3.979497
v 2.598544 1.167496 -3.950000
v 2.639549 1.167496 -3.950000
v 2.669046 1.167496 -3.979497
v 2.598544 1.167496 -4.050000
v 2.569047 1.167496 -4.020503
v 2.669046 1.167496 -4.020503
v 2.639549 1.167496 -4.050000
v 2.569047 0.352765 -3.979497
v 2.569047 0.352765 -4.020503
v 2.598544 0.352765 -4.050000
v 2.639549 0.352765 -4.050000
v 2.669046 0.352765 -4.020503
v 2.669046 0.352765 -3.979497
v 2.639549 0.352765 -3.950000
v 2.598544 0.352765 -3.950000
v 2.646267 0.345711 -3.933782
v 2.591826 0.345711 -3.933782
v 2.591826 0.345711 -4.066218
v 2.646267 0.345711 -4.066218
v 2.685264 0.345711 -4.027220
v 2.685264 0.345711 -3.972780
v 2.552829 0.345711 -3.972780
v 2.552829 0.345711 -4.027220
v 2.591826 0.103713 -3.933782
v 2.646267 0.103713 -3.933782
v 2.685264 0.103713 -3.972780
v 2.685264 0.103713 -4.027220
v 2.646267 0.103713 -4.066218
v 2.591826 0.103713 -4.066218
v 2.552829 0.103713 -4.027220
v 2.552829 0.103713 -3.972780
v 2.572973 0.103713 -3.888346
v 2.665120 0.103713 -3.888346
v 2.572973 -0.053497 -3.888346
v 2.665120 -0.053497 -3.888346
v 2.730701 -0.053497 -3.953927
v 2.730701 0.103713 -3.953927
v 2.730701 0.103713 -4.046073
v 2.730701 -0.053497 -4.046073
v 2.665120 0.103713 -4.111654
v 2.665120 -0.053497 -4.111654
v 2.572973 -0.053497 -4.111654
v 2.572973 0.103713 -4.111654
v 2.507392 0.103713 -4.046073
v 2.507392 -0.053497 -4.046073
v 2.507392 0.103713 -3.953927
v 2.507392 -0.053497 -3.953927
v 2.554133 1.171915 -3.973382
v 2.554133 1.171915 -4.026618
v 2.592428 1.171915 -3.935087
v 2.645665 1.171915 -3.935087
v 2.683960 1.171915 -3.973382
v 2.683960 1.171915 -4.026618
v 2.592428 1.171915 -4.064913
v 2.645665 1.171915 -4.064913
v 2.554133 1.470122 -3.973382
v 2.554133 1.470122 -4.026618
v 2.592428 1.470122 -3.935087
v 2.645665 1.470122 -3.935087
v 2.683960 1.470122 -3.973382
v 2.683960 1.470122 -4.026618
v 2.592428 1.470122 -4.064913
v 2.645665 1.470122 -4.064913
v 4.569046 1.167496 -3.979497
v 4.598544 1.167496 -3.950000
v 4.639549 1.167496 -3.950000
v 4.669046 1.167496 -3.979497
v 4.598544 1.167496 -4.050000
v 4.569046 1.167496 -4.020503
v 4.669046 1.167496 -4.020503
v 4.639549 1.167496 -4.050000
v 4.569046 0.352765 -3.979497
v 4.569046 0.352765 -4.020503
v 4.598544 0.352765 -4.050000
v 4.639549 0.352765 -4.050000
v 4.669046 0.352765 -4.020503
v 4.669046 0.352765 -3.979497
v 4.639549 0.352765 -3.950000
v 4.598544 0.352765 -3.950000
v 4.646267 0.345711 -3.933782
v 4.591826 0.345711 -3.933782
v 4.591826 0.345711 -4.066218
v 4.646267 0.345711 -4.066218
v 4.685264 0.345711 -4.027220
v 4.685264 0.345711 -3.972780
v 4.552829 0.345711 -3.972780
v 4.552829 0.345711 -4.027220
v 4.591826 0.103713 -3.933782
v 4.646267 0.103713 -3.933782
v 4.685264 0.103713 -3.972780
v 4.685264 0.103713 -4.027220
v 4.646267 0.103713 -4.066218
v 4.591826 0.103713 -4.066218
v 4.552829 0.103713 -4.027220
v 4.552829 0.103713 -3.972780
v 4.572973 0.103713 -3.888346
v 4.665120 0.103713 -3.888346
v 4.572973 -0.053497 -3.888346
v 4.665120 -0.053497 -3.888346
v 4.730701 -0.053497 -3.953927
v 4.730701 0.103713 -3.953927
v 4.730701 0.103713 -4.046073
v 4.730701 -0.053497 -4.046073
v 4.665120 0.103713 -4.111654
v 4.665120 -0.053497 -4.111654
v 4.572973 -0.053497 -4.111654
v 4.572973 0.103713 -4.111654
v 4.507392 0.103713 -4.046073
v 4.507392 -0.053497 -4.046073
v 4.507392 0.103713 -3.953927
v 4.507392 -0.053497 -3.953927
v 4.554133 1.171915 -3.973382
v 4.554133 1.171915 -4.026618
v 4.592428 1.171915 -3.935087
v 4.645665 1.171915 -3.935087
v 4.683960 1.171915 -3.973382
v 4.683960 1.171915 -4.026618
v 4.592428 1.171915 -4.064913
v 4.645665 1.171915 -4.064913
v 4.554133 1.470122 -3.973382
v 4.554133 1.470122 -4.026618
v 4.592428 1.470122 -3.935087
v 4.645665 1.470122 -3.935087
v 4.683960 1.470122 -3.973382
v 4.683960 1.470122 -4.026618
v 4.592428 1.470122 -4.064913
v 4.645665 1.470122 -4.064913
v 2.398573 2.997775 -3.900000
v 2.119046 2.718248 -3.900000
v 2.119046 2.718248 -4.100000
v 2.398573 2.997775 -4.100000
v 5.119046 2.718248 -3.900000
v 4.839520 2.997775 -3.900000
v 4.839520 2.997775 -4.100000
v 5.119046 2.718248 -4.100000
v 2.119046 1.679527 -3.900000
v 2.398573 1.399999 -3.900000
v 2.398573 1.399999 -4.100000
v 2.119046 1.679527 -4.100000
v 4.839520 1.399999 -3.900000
v 5.119046 1.679527 -3.900000
v 5.119046 1.679527 -4.100000
v 4.839520 1.399999 -4.100000
v 2.219047 1.779527 -3.900000
v 2.498573 1.500000 -3.900000
v 4.739520 1.500000 -3.900000
v 5.019046 1.779527 -3.900000
v 5.019046 2.618247 -3.900000
v 4.739520 2.897775 -3.900000
v 2.498573 2.897775 -3.900000
v 2.219047 2.618247 -3.900000
v 2.219047 2.618248 -4.100000
v 2.498574 2.897775 -4.100000
v 4.739519 2.897775 -4.100000
v 5.019046 2.618248 -4.100000
v 5.019046 1.779527 -4.100000
v 4.739520 1.500000 -4.100000
v 2.498573 1.500000 -4.100000
v 2.219047 1.779527 -4.100000
v 2.219047 1.779527 -3.947496
v 2.498573 1.500000 -3.947496
v 5.019046 1.779527 -3.947496
v 4.739520 1.500000 -3.947496
v 4.739520 2.897775 -3.947496
v 5.019046 2.618247 -3.947496
v 2.219047 2.618247 -3.947496
v 2.498573 2.897775 -3.947496
vt 0.178813 0.223609
vt 0.171893 0.223609
vt 0.191838 0.318364
vt 0.203408 0.318651
vt 0.237427 0.319521
vt 0.156951 0.317494
vt 0.150949 0.223609
vt 0.199289 0.223609
vt 0.192745 0.223609
vt 0.185825 0.223609
vt 0.215066 0.318942
vt 0.226636 0.319229
vt 0.164882 0.223609
vt 0.157961 0.223609
vt 0.168609 0.317786
vt 0.180179 0.318073
vt 0.100537 0.192816
vt 0.157961 0.226488
vt 0.164882 0.226236
vt 0.107348 0.192829
vt 0.093637 0.192814
vt 0.150949 0.226739
vt 0.199289 0.224977
vt 0.087201 0.192801
vt 0.134770 0.192860
vt 0.192745 0.225229
vt 0.127960 0.192847
vt 0.185825 0.225481
vt 0.178813 0.225733
vt 0.121059 0.192845
vt 0.114249 0.192832
vt 0.171893 0.225984
vt 0.203408 0.312798
vt 0.191838 0.312798
vt 0.191838 0.293048
vt 0.203408 0.293048
vt 0.215066 0.293048
vt 0.215066 0.312798
vt 0.226636 0.312798
vt 0.226636 0.293048
vt 0.146633 0.312798
vt 0.237427 0.293048
vt 0.156951 0.293048
vt 0.156951 0.312798
vt 0.168609 0.312798
vt 0.168609 0.293048
vt 0.180179 0.312798
vt 0.180179 0.293048
vt 0.107348 0.194814
vt 0.100537 0.194814
vt 0.121059 0.194814
vt 0.114249 0.194814
vt 0.134770 0.194814
vt 0.127960 0.194814
vt 0.093637 0.194814
vt 0.087201 0.194814
vt 0.107348 0.232886
vt 0.100537 0.232886
vt 0.121059 0.232886
vt 0.114249 0.232886
vt 0.134770 0.232886
vt 0.127960 0.232886
vt 0.093637 0.232886
vt 0.087201 0.232886
vt 0.141280 0.194814
vt 0.141280 0.232886
vt 0.168338 0.191957
vt 0.237427 0.312798
vt 0.146633 0.293048
vt 0.144028 0.192845
vt 0.144028 0.223609
vt 0.126270 0.088373
vt 0.164882 0.192845
vt 0.171893 0.192845
vt 0.157961 0.192845
vt 0.150949 0.192845
vt 0.199289 0.192845
vt 0.146633 0.317494
vt 0.192745 0.192845
vt 0.185825 0.192845
vt 0.178813 0.192845
vt 0.147304 0.088373
vt 0.142000 0.088373
vt 0.152518 0.088373
vt 0.157821 0.088373
vt 0.163034 0.088373
vt 0.168338 0.088373
vt 0.144028 0.226739
vt 0.131483 0.088373
vt 0.136787 0.088373
vt 0.126270 0.191957
vt 0.141280 0.192860
vt 0.163034 0.191957
vt 0.136787 0.191957
vt 0.131483 0.191957
vt 0.157821 0.191957
vt 0.152518 0.191957
vt 0.147304 0.191957
vt 0.142000 0.191957
vt 0.093637 0.192801
vt 0.134770 0.192847
vt 0.127960 0.192845
vt 0.121059 0.192832
vt 0.114249 0.192829
vt 0.100537 0.192814
vt 0.107348 0.192816
vt 0.180179 0.318364
vt 0.168609 0.318073
vt 0.156951 0.317786
vt 0.226636 0.319521
vt 0.215066 0.319229
vt 0.203408 0.318942
vt 0.191838 0.318651
vt 0.157961 0.226236
vt 0.164882 0.225984
vt 0.185825 0.225229
vt 0.192745 0.224977
vt 0.150949 0.226488
vt 0.171893 0.225733
vt 0.178813 0.225481
vt 0.156548 0.404771
vt 0.149627 0.404771
vt 0.149627 0.374007
vt 0.156548 0.374007
vt 0.121771 0.374007
vt 0.128684 0.374007
vt 0.128684 0.404771
vt 0.121771 0.404771
vt 0.170480 0.404771
vt 0.163559 0.404771
vt 0.163559 0.374007
vt 0.170480 0.374007
vt 0.142616 0.404771
vt 0.135695 0.404771
vt 0.135695 0.374007
vt 0.142616 0.374007
vt 0.177035 0.404771
vt 0.177035 0.374007
vt 0.136787 0.191957
vt 0.136787 0.088373
vt 0.142000 0.088373
vt 0.142000 0.191957
vt 0.131483 0.191957
vt 0.131483 0.088373
vt 0.126270 0.088373
vt 0.126270 0.191957
vt 0.168338 0.191957
vt 0.163034 0.191957
vt 0.163034 0.088373
vt 0.168338 0.088373
vt 0.157821 0.191957
vt 0.157821 0.088373
vt 0.152518 0.088373
vt 0.152518 0.191957
vt 0.147304 0.191957
vt 0.147304 0.088373
vt 0.156548 0.406931
vt 0.149627 0.406931
vt 0.128684 0.407640
vt 0.121771 0.407640
vt 0.170480 0.406577
vt 0.163559 0.406577
vt 0.142616 0.407286
vt 0.135695 0.407286
vt 0.149627 0.407108
vt 0.142616 0.407108
vt 0.163559 0.406754
vt 0.156548 0.406754
vt 0.135695 0.407463
vt 0.128684 0.407463
vt 0.177035 0.406400
vt 0.170480 0.406400
vt 0.203408 0.312798
vt 0.191838 0.312798
vt 0.191838 0.293048
vt 0.203408 0.293048
vt 0.215066 0.293048
vt 0.215066 0.312798
vt 0.226636 0.312798
vt 0.226636 0.293048
vt 0.237427 0.312798
vt 0.237427 0.293048
vt 0.156951 0.293048
vt 0.156951 0.312798
vt 0.146633 0.312798
vt 0.146633 0.293048
vt 0.168609 0.312798
vt 0.168609 0.293048
vt 0.180179 0.312798
vt 0.180179 0.293048
vt 0.203408 0.318651
vt 0.191838 0.318651
vt 0.215066 0.318943
vt 0.203408 0.318943
vt 0.226636 0.319229
vt 0.215066 0.319229
vt 0.237427 0.319521
vt 0.226636 0.319521
vt 0.156951 0.317495
vt 0.146633 0.317495
vt 0.168609 0.317786
vt 0.156951 0.317786
vt 0.180179 0.318073
vt 0.168609 0.318073
vt 0.191838 0.318364
vt 0.180179 0.318364
vt 0.100537 0.192816
vt 0.107348 0.192816
vt 0.107348 0.194814
vt 0.100537 0.194814
vt 0.114249 0.192832
vt 0.121059 0.192832
vt 0.121059 0.194814
vt 0.114249 0.194814
vt 0.127960 0.192847
vt 0.134770 0.192847
vt 0.134770 0.194814
vt 0.127960 0.194814
vt 0.087201 0.192801
vt 0.093637 0.192801
vt 0.093637 0.194814
vt 0.087201 0.194814
vt 0.107348 0.192829
vt 0.114249 0.192829
vt 0.121059 0.192845
vt 0.127960 0.192845
vt 0.093637 0.192814
vt 0.100537 0.192814
vt 0.134770 0.192860
vt 0.141279 0.192860
vt 0.141279 0.194814
vt 0.107348 0.232886
vt 0.100537 0.232886
vt 0.121059 0.232886
vt 0.114249 0.232886
vt 0.134770 0.232886
vt 0.127960 0.232886
vt 0.093637 0.232886
vt 0.087201 0.232886
vt 0.141279 0.232886
vt 0.463788 0.031291
vt 0.499327 0.066829
vt 0.499327 0.351741
vt 0.463788 0.387280
vt 0.357154 0.387280
vt 0.321615 0.351741
vt 0.321615 0.066829
vt 0.357154 0.031291
vt 0.237379 0.458594
vt 0.237379 0.484076
vt 0.319332 0.412014
vt 0.269275 0.491086
vt 0.281109 0.110542
vt 0.248772 0.069514
vt 0.248772 0.044032
vt 0.236293 0.031291
vt 0.100933 0.458594
vt 0.100933 0.484076
vt 0.113412 0.496817
vt 0.112326 0.069514
vt 0.112326 0.044032
vt 0.043114 0.104034
vt 0.030373 0.116093
vt 0.115793 0.440623
vt 0.086893 0.118831
vt 0.233913 0.087485
vt 0.262812 0.409276
vt 0.281109 0.424073
vt 0.306591 0.110542
vt 0.043114 0.417566
vt 0.068596 0.104034
vt 0.068596 0.417566
vt 0.081198 0.118831
vt 0.233913 0.082008
vt 0.268507 0.409276
vt 0.115793 0.446100
vt 0.306591 0.424073
vt 0.316293 0.079138
vt 0.080430 0.037021
vt 0.033413 0.448971
vt 0.081198 0.404495
vt 0.086893 0.404495
vt 0.125525 0.082008
vt 0.125525 0.087485
vt 0.268507 0.123613
vt 0.262812 0.123613
vt 0.224180 0.446100
vt 0.224180 0.440623
vt 0.056001 0.085830
vt 0.043492 0.072901
vt 0.030373 0.403898
vt 0.046283 0.436338
vt 0.319332 0.124210
vt 0.303422 0.091770
vt 0.293705 0.442278
vt 0.306213 0.455207
vt 0.126399 0.031291
vt 0.093194 0.049807
vt 0.082272 0.473717
vt 0.069198 0.486122
vt 0.267434 0.054391
vt 0.280507 0.041986
vt 0.223307 0.496817
vt 0.256511 0.478300
vn 0.000000 0.000000 1.000000
vn 0.000000 0.000000 1.000000
vn 0.000000 0.000000 1.000000
vn 0.000000 0.000000 1.000000
vn 0.000000 0.000000 -1.000000
vn 0.000000 0.000000 -1.000000
vn 0.000000 0.000000 -1.000000
vn 0.000000 0.000000 -1.000000
vn 1.000000 0.000000 0.000000
vn 1.000000 0.000000 0.000000
vn 1.000000 0.000000 0.000000
vn 1.000000 0.000000 0.000000
vn -1.000000 0.000000 0.000000
vn -1.000000 0.000000 0.000000
vn -1.000000 0.000000 0.000000
vn -1.000000 0.000000 0.000000
vn -0.707108 0.000000 0.707106
vn -0.707108 0.000000 0.707106
vn -0.707108 0.000000 0.707106
vn -0.707108 0.000000 0.707106
vn 0.707106 0.000000 0.707107
vn 0.707106 0.000000 0.707107
vn 0.707106 0.000000 0.707107
vn 0.707106 0.000000 0.707107
vn -0.707108 0.000000 -0.707106
vn -0.707108 0.000000 -0.707106
vn -0.707108 0.000000 -0.707106
vn -0.707108 0.000000 -0.707106
vn 0.707106 0.000000 -0.707107
vn 0.707106 0.000000 -0.707107
vn 0.707106 0.000000 -0.707107
vn 0.707106 0.000000 -0.707107
vn -1.000000 0.000000 0.000000
vn -1.000000 0.000000 0.000000
vn -1.000000 0.000000 0.000000
vn -1.000000 0.000000 0.000000
vn -0.707107 0.000000 -0.707107
vn -0.707107 0.000000 -0.707107
vn -0.707107 0.000000 -0.707107
vn -0.707107 0.000000 -0.707107
vn 0.000000 0.000000 -1.000000
vn 0.000000 0.000000 -1.000000
vn 0.000000 0.000000 -1.000000
vn 0.000000 0.000000 -1.000000
vn 0.707106 0.000000 -0.707107
vn 0.707106 0.000000 -0.707107
vn 0.707106 0.000000 -0.707107
vn 0.707106 0.000000 -0.707107
vn 1.000000 0.000000 0.000000
vn 1.000000 0.000000 0.000000
vn 1.000000 0.000000 0.000000
vn 1.000000 0.000000 0.000000
vn 0.707106 0.000000 0.707107
vn 0.707106 0.000000 0.707107
vn 0.707106 0.000000 0.707107
vn 0.707106 0.000000 0.707107
vn 0.000000 0.000000 1.000000
vn 0.000000 0.000000 1.000000
vn 0.000000 0.000000 1.000000
vn 0.000000 0.000000 1.000000
vn -0.707107 0.000000 0.707107
vn -0.707107 0.000000 0.707107
vn -0.707107 0.000000 0.707107
vn -0.707107 0.000000 0.707107
vn 0.143742 0.927885 0.344047
vn -0.143743 0.927884 0.344048
vn -0.143743 0.927884 0.344048
vn 0.143743 0.927885 0.344047
vn -0.143743 0.927884 -0.344048
vn 0.143742 0.927884 -0.344048
vn 0.143743 0.927884 -0.344047
vn -0.143743 0.927884 -0.344048
vn 0.344047 0.927884 -0.143743
vn 0.344047 0.927885 0.143742
vn 0.344047 0.927885 0.143742
vn 0.344048 0.927884 -0.143743
vn -0.344050 0.927884 0.143743
vn -0.344049 0.927884 -0.143743
vn -0.344049 0.927884 -0.143743
vn -0.344049 0.927884 0.143743
vn 0.000000 0.000000 1.000000
vn 0.000000 0.000000 1.000000
vn 0.000000 0.000000 1.000000
vn 0.000000 0.000000 1.000000
vn 0.707107 0.000000 0.707106
vn 0.707107 0.000000 0.707106
vn 0.707107 0.000000 0.707106
vn 0.707107 0.000000 0.707106
vn 1.000000 0.000000 0.000000
vn 1.000000 0.000000 0.000000
vn 1.000000 0.000000 0.000000
vn 1.000000 0.000000 0.000000
vn 0.707107 0.000000 -0.707106
vn 0.707107 0.000000 -0.707106
vn 0.707107 0.000000 -0.707106
vn 0.707107 0.000000 -0.707106
vn -0.000000 0.000000 -1.000000
vn -0.000000 0.000000 -1.000000
vn -0.000000 0.000000 -1.000000
vn -0.000000 0.000000 -1.000000
vn -0.707107 0.000000 -0.707107
vn -0.707107 0.000000 -0.707107
vn -0.707107 0.000000 -0.707107
vn -0.707107 0.000000 -0.707107
vn -1.000000 0.000000 0.000000
vn -1.000000 0.000000 0.000000
vn -1.000000 0.000000 0.000000
vn -1.000000 0.000000 0.000000
vn -0.707107 0.000000 0.707107
vn -0.707107 0.000000 0.707107
vn -0.707107 0.000000 0.707107
vn -0.707107 0.000000 0.707107
vn 0.000000 1.000000 0.000000
vn 0.000000 1.000000 0.000000
vn 0.000000 1.000000 0.000000
vn 0.000000 1.000000 0.000000
vn 0.000000 1.000000 0.000000
vn 0.000000 1.000000 0.000000
vn 0.000000 1.000000 0.000000
vn 0.000000 1.000000 0.000000
vn 0.000000 1.000000 -0.000000
vn 0.000000 1.000000 -0.000000
vn 0.000000 1.000000 -0.000000
vn 0.000000 1.000000 -0.000000
vn 0.000000 1.000000 0.000000
vn 0.000000 1.000000 0.000000
vn 0.000000 1.000000 0.000000
vn 0.000000 1.000000 0.000000
vn -0.284120 -0.958789 0.000000
vn -0.284120 -0.958789 0.000000
vn -0.284120 -0.958789 0.000000
vn -0.284120 -0.958789 0.000000
vn 0.000000 -0.958788 0.284121
vn 0.000000 -0.958788 0.284121
vn 0.000000 -0.958788 0.284121
vn 0.000000 -0.958788 0.284121
vn 0.284119 -0.958789 0.000000
vn 0.284119 -0.958789 0.000000
vn 0.284119 -0.958789 0.000000
vn 0.284119 -0.958789 0.000000
vn 0.000000 -0.958789 -0.284118
vn 0.000000 -0.958789 -0.284118
vn 0.000000 -0.958789 -0.284118
vn 0.000000 -0.958789 -0.284118
vn -0.201447 -0.958560 0.201449
vn -0.201447 -0.958560 0.201449
vn -0.201447 -0.958560 0.201449
vn -0.201447 -0.958560 0.201449
vn 0.201447 -0.958560 0.201449
vn 0.201447 -0.958560 0.201449
vn 0.201447 -0.958560 0.201449
vn 0.201447 -0.958560 0.201449
vn -0.201447 -0.958560 -0.201450
vn -0.201447 -0.958560 -0.201450
vn -0.201447 -0.958560 -0.201450
vn -0.201447 -0.958560 -0.201450
vn 0.201447 -0.958560 -0.201449
vn 0.201447 -0.958560 -0.201449
vn 0.201447 -0.958560 -0.201449
vn 0.201447 -0.958560 -0.201449
vn -1.000000 0.000000 0.000000
vn -1.000000 0.000000 0.000000
vn -1.000000 0.000000 0.000000
vn -1.000000 0.000000 0.000000
vn 0.000000 0.000000 1.000000
vn 0.000000 0.000000 1.000000
vn 0.000000 0.000000 1.000000
vn 0.000000 0.000000 1.000000
vn 1.000000 0.000000 0.000000
vn 1.000000 0.000000 0.000000
vn 1.000000 0.000000 0.000000
vn 1.000000 0.000000 0.000000
vn 0.000000 0.000000 -1.000000
vn 0.000000 0.000000 -1.000000
vn 0.000000 0.000000 -1.000000
vn 0.000000 0.000000 -1.000000
vn -0.707106 0.000000 0.707107
vn -0.707106 0.000000 0.707107
vn -0.707106 0.000000 0.707107
vn -0.707106 0.000000 0.707107
vn 0.707106 0.000000 0.707108
vn 0.707106 0.000000 0.707108
vn 0.707106 0.000000 0.707108
vn 0.707106 0.000000 0.707108
vn -0.707106 0.000000 -0.707107
vn -0.707106 0.000000 -0.707107
vn -0.707106 0.000000 -0.707107
vn -0.707106 0.000000 -0.707107
vn 0.707106 0.000000 -0.707108
vn 0.707106 0.000000 -0.707108
vn 0.707106 0.000000 -0.707108
vn 0.707106 0.000000 -0.707108
vn 0.000000 0.000000 1.000000
vn 0.000000 0.000000 1.000000
vn 0.000000 0.000000 1.000000
vn 0.000000 0.000000 1.000000
vn 0.000000 0.000000 -1.000000
vn 0.000000 0.000000 -1.000000
vn 0.000000 0.000000 -1.000000
vn 0.000000 0.000000 -1.000000
vn 1.000000 0.000000 0.000000
vn 1.000000 0.000000 0.000000
vn 1.000000 0.000000 0.000000
vn 1.000000 0.000000 0.000000
vn -1.000000 0.000000 0.000000
vn -1.000000 0.000000 0.000000
vn -1.000000 0.000000 0.000000
vn -1.000000 0.000000 0.000000
vn -0.707106 0.000000 0.707107
vn -0.707106 0.000000 0.707107
vn -0.707106 0.000000 0.707107
vn -0.707106 0.000000 0.707107
vn 0.707108 0.000000 0.707106
vn 0.707108 0.000000 0.707106
vn 0.707108 0.000000 0.707106
vn 0.707108 0.000000 0.707106
vn -0.707106 0.000000 -0.707107
vn -0.707106 0.000000 -0.707107
vn -0.707106 0.000000 -0.707107
vn -0.707106 0.000000 -0.707107
vn 0.707108 0.000000 -0.707106
vn 0.707108 0.000000 -0.707106
vn 0.707108 0.000000 -0.707106
vn 0.707108 0.000000 -0.707106
vn -1.000000 0.000000 0.000000
vn -1.000000 0.000000 0.000000
vn -1.000000 0.000000 0.000000
vn -1.000000 0.000000 0.000000
vn -0.707106 0.000000 -0.707107
vn -0.707106 0.000000 -0.707107
vn -0.707106 0.000000 -0.707107
vn -0.707106 0.000000 -0.707107
vn 0.000000 0.000000 -1.000000
vn 0.000000 0.000000 -1.000000
vn 0.000000 0.000000 -1.000000
vn 0.000000 0.000000 -1.000000
vn 0.707107 0.000000 -0.707107
vn 0.707107 0.000000 -0.707107
vn 0.707107 0.000000 -0.707107
vn 0.707107 0.000000 -0.707107
vn 1.000000 0.000000 0.000000
vn 1.000000 0.000000 0.000000
vn 1.000000 0.000000 0.000000
vn 1.000000 0.000000 0.000000
vn 0.707107 0.000000 0.707107
vn 0.707107 0.000000 0.707107
vn 0.707107 0.000000 0.707107
vn 0.707107 0.000000 0.707107
vn 0.000000 0.000000 1.000000
vn 0.000000 0.000000 1.000000
vn 0.000000 0.000000 1.000000
vn 0.000000 0.000000 1.000000
vn -0.707106 0.000000 0.707107
vn -0.707106 0.000000 0.707107
vn -0.707106 0.000000 0.707107
vn -0.707106 0.000000 0.707107
vn 0.143743 0.927884 0.344048
vn -0.143742 0.927884 0.344048
vn -0.143743 0.927884 0.344047
vn 0.143743 0.927884 0.344048
vn -0.143742 0.927885 -0.344047
vn 0.143743 0.927884 -0.344048
vn 0.143743 0.927884 -0.344048
vn -0.143743 0.927885 -0.344047
vn 0.344050 0.927884 -0.143743
vn 0.344049 0.927884 0.143743
vn 0.344049 0.927884 0.143743
vn 0.344049 0.927884 -0.143743
vn -0.344047 0.927884 0.143743
vn -0.344047 0.927885 -0.143742
vn -0.344047 0.927885 -0.143742
vn -0.344048 0.927884 0.143743
vn 0.000000 0.000000 1.000000
vn 0.000000 0.000000 1.000000
vn 0.000000 0.000000 1.000000
vn 0.000000 0.000000 1.000000
vn 0.707107 0.000000 0.707107
vn 0.707107 0.000000 0.707107
vn 0.707107 0.000000 0.707107
vn 0.707107 0.000000 0.707107
vn 1.000000 0.000000 0.000000
vn 1.000000 0.000000 0.000000
vn 1.000000 0.000000 0.000000
vn 1.000000 0.000000 0.000000
vn 0.707107 0.000000 -0.707107
vn 0.707107 0.000000 -0.707107
vn 0.707107 0.000000 -0.707107
vn 0.707107 0.000000 -0.707107
vn -0.000000 0.000000 -1.000000
vn -0.000000 0.000000 -1.000000
vn -0.000000 0.000000 -1.000000
vn -0.000000 0.000000 -1.000000
vn -0.707107 0.000000 -0.707106
vn -0.707107 0.000000 -0.707106
vn -0.707107 0.000000 -0.707106
vn -0.707107 0.000000 -0.707106
vn -1.000000 0.000000 0.000000
vn -1.000000 0.000000 0.000000
vn -1.000000 0.000000 0.000000
vn -1.000000 0.000000 0.000000
vn -0.707107 0.000000 0.707106
vn -0.707107 0.000000 0.707106
vn -0.707107 0.000000 0.707106
vn -0.707107 0.000000 0.707106
vn 0.000000 1.000000 0.000000
vn 0.000000 1.000000 0.000000
vn 0.000000 1.000000 0.000000
vn 0.000000 1.000000 0.000000
vn 0.000000 1.000000 0.000000
vn 0.000000 1.000000 0.000000
vn 0.000000 1.000000 -0.000000
vn 0.000000 1.000000 -0.000000
vn 0.000000 1.000000 -0.000000
vn 0.000000 1.000000 -0.000000
vn 0.000000 1.000000 -0.000000
vn 0.000000 1.000000 -0.000000
vn 0.000000 1.000000 0.000000
vn 0.000000 1.000000 0.000000
vn 0.000000 1.000000 0.000000
vn 0.000000 1.000000 0.000000
vn -0.284119 -0.958789 0.000000
vn -0.284119 -0.958789 0.000000
vn -0.284119 -0.958789 0.000000
vn -0.284119 -0.958789 0.000000
vn 0.000000 -0.958789 0.284118
vn 0.000000 -0.958789 0.284118
vn 0.000000 -0.958789 0.284118
vn 0.000000 -0.958789 0.284118
vn 0.284120 -0.958789 0.000000
vn 0.284120 -0.958789 0.000000
vn 0.284120 -0.958789 0.000000
vn 0.284120 -0.958789 0.000000
vn 0.000000 -0.958788 -0.284121
vn 0.000000 -0.958788 -0.284121
vn 0.000000 -0.958788 -0.284121
vn 0.000000 -0.958788 -0.284121
vn -0.201447 -0.958560 0.201449
vn -0.201447 -0.958560 0.201449
vn -0.201447 -0.958560 0.201449
vn -0.201447 -0.958560 0.201449
vn 0.201447 -0.958560 0.201450
vn 0.201447 -0.958560 0.201450
vn 0.201447 -0.958560 0.201450
vn 0.201447 -0.958560 0.201450
vn -0.201447 -0.958560 -0.201449
vn -0.201447 -0.958560 -0.201449
vn -0.201447 -0.958560 -0.201449
vn -0.201447 -0.958560 -0.201449
vn 0.201447 -0.958560 -0.201449
vn 0.201447 -0.958560 -0.201449
vn 0.201447 -0.958560 -0.201449
vn 0.201447 -0.958560 -0.201449
vn -1.000000 0.000000 0.000000
vn -1.000000 0.000000 0.000000
vn -1.000000 0.000000 0.000000
vn -1.000000 0.000000 0.000000
vn 0.000000 0.000000 1.000000
vn 0.000000 0.000000 1.000000
vn 0.000000 0.000000 1.000000
vn 0.000000 0.000000 1.000000
vn 1.000000 0.000000 0.000000
vn 1.000000 0.000000 0.000000
vn 1.000000 0.000000 0.000000
vn 1.000000 0.000000 0.000000
vn 0.000000 0.000000 -1.000000
vn 0.000000 0.000000 -1.000000
vn 0.000000 0.000000 -1.000000
vn 0.000000 0.000000 -1.000000
vn -0.707106 0.000000 0.707108
vn -0.707106 0.000000 0.707108
vn -0.707106 0.000000 0.707108
vn -0.707106 0.000000 0.707108
vn 0.707106 0.000000 0.707107
vn 0.707106 0.000000 0.707107
vn 0.707106 0.000000 0.707107
vn 0.707106 0.000000 0.707107
vn -0.707106 0.000000 -0.707108
vn -0.707106 0.000000 -0.707108
vn -0.707106 0.000000 -0.707108
vn -0.707106 0.000000 -0.707108
vn 0.707106 0.000000 -0.707107
vn 0.707106 0.000000 -0.707107
vn 0.707106 0.000000 -0.707107
vn 0.707106 0.000000 -0.707107
vn 0.000000 0.000000 1.000000
vn 0.000000 0.000000 1.000000
vn 0.000000 0.000000 1.000000
vn 0.000000 0.000000 1.000000
vn 0.000000 0.000000 1.000000
vn 0.000000 0.000000 1.000000
vn 0.000000 0.000000 1.000000
vn 0.000000 0.000000 1.000000
vn -0.707107 0.707107 0.000000
vn -0.707107 0.707107 0.000000
vn -0.707107 0.707107 0.000000
vn -0.707107 0.707107 0.000000
vn -0.000000 0.000000 -1.000000
vn 0.000000 0.000000 -1.000000
vn 0.000000 0.000000 -1.000000
vn -0.000000 0.000000 -1.000000
vn -0.000000 0.000000 1.000000
vn -0.000000 0.000000 1.000000
vn -0.000000 0.000000 1.000000
vn -0.000000 0.000000 1.000000
vn 0.707107 0.707107 0.000000
vn 0.707107 0.707107 0.000000
vn 0.707107 0.707107 0.000000
vn 0.707107 0.707107 0.000000
vn -0.000000 0.000000 -1.000000
vn -0.000000 0.000000 -1.000000
vn -0.000000 0.000000 -1.000000
vn -0.000000 0.000000 -1.000000
vn -0.000000 0.000000 1.000000
vn -0.000000 0.000000 1.000000
vn -0.000000 0.000000 1.000000
vn 0.000000 0.000000 1.000000
vn -0.707107 -0.707106 0.000000
vn -0.707107 -0.707106 0.000000
vn -0.707107 -0.707106 0.000000
vn -0.707107 -0.707106 0.000000
vn -0.000000 0.000000 -1.000000
vn -0.000000 0.000000 -1.000000
vn -0.000000 0.000000 -1.000000
vn -0.000000 0.000000 -1.000000
vn 0.000000 0.000000 1.000000
vn -0.000000 0.000000 1.000000
vn -0.000000 0.000000 1.000000
vn 0.000000 0.000000 1.000000
vn 0.707107 -0.707106 0.000000
vn 0.707107 -0.707106 0.000000
vn 0.707107 -0.707106 0.000000
vn 0.707107 -0.707106 0.000000
vn 0.000000 0.000000 -1.000000
vn 0.000000 0.000000 -1.000000
vn 0.000000 0.000000 -1.000000
vn -0.000000 0.000000 -1.000000
vn 0.707107 0.707107 0.000000
vn 0.707107 0.707107 0.000000
vn 0.707107 0.707107 0.000000
vn 0.707107 0.707107 0.000000
vn -0.707107 0.707107 0.000000
vn -0.707107 0.707107 0.000000
vn -0.707107 0.707107 0.000000
vn -0.707107 0.707107 0.000000
vn -0.707107 -0.707106 0.000000
vn -0.707107 -0.707106 0.000000
vn -0.707107 -0.707106 0.000000
vn -0.707107 -0.707106 0.000000
vn 0.707107 -0.707106 0.000000
vn 0.707107 -0.707106 0.000000
vn 0.707107 -0.707106 0.000000
vn 0.707107 -0.707106 0.000000
vn 0.000000 1.000000 0.000000
vn 0.000000 1.000000 0.000000
vn 0.000000 1.000000 0.000000
vn 0.000000 1.000000 0.000000
vn 0.000000 -1.000000 0.000000
vn 0.000000 -1.000000 0.000000
vn 0.000000 -1.000000 0.000000
vn 0.000000 -1.000000 0.000000
vn 1.000000 0.000000 0.000000
vn 1.000000 0.000000 0.000000
vn 1.000000 0.000000 0.000000
vn 1.000000 0.000000 0.000000
vn -1.000000 0.000000 0.000000
vn -1.000000 0.000000 0.000000
vn -1.000000 0.000000 0.000000
vn -1.000000 0.000000 0.000000
vn 0.000000 1.000000 0.000000
vn 0.000000 1.000000 0.000000
vn 0.000000 1.000000 0.000000
vn 0.000000 1.000000 0.000000
vn -1.000000 0.000000 0.000000
vn -1.000000 0.000000 0.000000
vn -1.000000 0.000000 0.000000
vn -1.000000 0.000000 0.000000
vn 0.000000 -1.000000 0.000000
vn 0.000000 -1.000000 0.000000
vn 0.000000 -1.000000 0.000000
vn 0.000000 -1.000000 0.000000
vn 1.000000 0.000000 0.000000
vn 1.000000 0.000000 0.000000
vn 1.000000 0.000000 0.000000
vn 1.000000 0.000000 0.000000
vn -0.000000 0.000000 1.000000
vn -0.000000 0.000000 1.000000
vn -0.000000 0.000000 1.000000
vn -0.000000 0.000000 1.000000
s off
g decor1 panneau_2poutres
usemtl initialShadingGroup
f 145/188/405 146/189/406 153/261/407 154/268/408
f 157/257/409 158/263/410 147/194/411 148/258/412
f 149/196/413 150/197/414 155/267/415 156/266/416
f 151/200/417 152/201/418 159/262/419 160/260/420
f 160/260/421 153/261/422 146/189/423 151/200/424
f 154/268/425 155/267/426 150/197/427 145/188/428
f 152/201/429 147/194/430 158/263/431 159/262/432
f 148/195/433 149/196/434 156/266/435 157/264/436
f 134/281/437 138/277/438 137/270/439 129/286/440
f 134/281/441 133/282/442 139/276/443 138/277/444
f 140/259/445 139/276/446 133/282/447 136/278/448
f 136/254/449 135/280/450 141/273/451 140/274/452
f 132/283/453 142/272/454 141/273/455 135/280/456
f 143/271/457 142/272/458 132/283/459 131/284/460
f 130/285/461 144/269/462 143/271/463 131/284/464
f 137/270/465 144/269/466 130/285/467 129/286/468
s 1
f 143/216/469 144/306/470 146/189/471 145/188/472
f 139/209/473 140/275/474 148/258/475 147/194/476
f 141/213/477 142/303/478 150/197/479 149/196/480
f 137/206/481 138/301/482 152/201/483 151/200/484
f 144/219/470 137/302/481 151/200/484 146/189/471
f 142/215/478 143/307/469 145/188/472 150/197/479
f 138/205/482 139/305/473 147/194/476 152/201/483
f 140/210/474 141/304/477 149/196/480 148/195/475
s off
f 162/220/485 161/221/486 163/222/487 164/223/488
f 164/223/489 165/224/490 166/225/491 162/220/492
f 167/226/493 166/225/494 165/224/495 168/227/496
f 169/255/497 167/226/498 168/227/499 170/229/500
f 171/230/501 172/231/502 169/228/503 170/256/504
f 173/232/505 172/231/506 171/230/507 174/233/508
f 175/234/509 173/232/510 174/233/511 176/235/512
f 176/235/513 163/222/514 161/221/515 175/234/516
s 3
f 154/191/517 153/300/518 161/221/519 162/220/520
f 155/198/521 154/299/517 162/220/520 166/225/522
f 156/199/523 155/298/521 166/225/522 167/226/524
f 157/192/525 156/297/523 167/226/524 169/255/526
f 158/193/527 157/265/525 169/228/526 172/231/528
f 159/202/529 158/296/527 172/231/528 173/232/530
f 160/203/531 159/295/529 173/232/530 175/234/532
f 153/190/518 160/294/531 175/234/532 161/221/519
s off
f 134/204/533 129/293/534 177/236/535 178/237/536
f 130/218/537 131/290/538 180/238/539 179/239/540
f 132/214/541 135/288/542 182/240/543 181/241/544
f 136/211/545 133/287/546 183/242/547 184/243/548
f 129/207/549 130/291/550 179/239/551 177/236/552
f 131/217/553 132/289/554 181/241/555 180/238/556
f 133/208/557 134/292/558 178/237/559 183/242/560
f 135/212/561 136/279/562 184/252/563 182/240/564
f 178/237/565 177/236/566 185/244/567 186/245/568
f 179/239/569 180/238/570 188/246/571 187/247/572
f 181/241/573 182/240/574 190/248/575 189/249/576
f 184/243/577 183/242/578 191/250/579 192/251/580
f 177/236/581 179/239/582 187/247/583 185/244/584
f 180/238/585 181/241/586 189/249/587 188/246/588
f 183/242/589 178/237/590 186/245/591 191/250/592
f 182/240/593 184/252/594 192/253/595 190/248/596
f 209/308/597 210/309/598 217/310/599 218/311/600
f 221/312/601 222/313/602 211/314/603 212/315/604
f 213/316/605 214/317/606 219/318/607 220/319/608
f 215/320/609 216/321/610 223/322/611 224/323/612
f 224/323/613 217/310/614 210/309/615 215/320/616
f 218/311/617 219/318/618 214/317/619 209/308/620
f 216/321/621 211/314/622 222/313/623 223/322/624
f 212/324/625 213/316/626 220/319/627 221/325/628
f 198/326/629 202/327/630 201/328/631 193/329/632
f 198/326/633 197/330/634 203/331/635 202/327/636
f 204/332/637 203/331/638 197/330/639 200/333/640
f 200/334/641 199/335/642 205/336/643 204/337/644
f 196/338/645 206/339/646 205/336/647 199/335/648
f 207/340/649 206/339/650 196/338/651 195/341/652
f 194/342/653 208/343/654 207/340/655 195/341/656
f 201/328/657 208/343/658 194/342/659 193/329/660
s 4
f 207/344/661 208/345/662 210/309/663 209/308/664
f 203/346/665 204/347/666 212/315/667 211/314/668
f 205/348/669 206/349/670 214/317/671 213/316/672
f 201/350/673 202/351/674 216/321/675 215/320/676
f 208/352/662 201/353/673 215/320/676 210/309/663
f 206/354/670 207/355/661 209/308/664 214/317/671
f 202/356/674 203/357/665 211/314/668 216/321/675
f 204/358/666 205/359/669 213/316/672 212/324/667
s off
f 226/360/677 225/361/678 227/362/679 228/363/680
f 228/363/681 229/364/682 230/365/683 226/360/684
f 231/366/685 230/365/686 229/364/687 232/367/688
f 233/368/689 231/366/690 232/367/691 234/369/692
f 235/370/693 236/371/694 233/372/695 234/373/696
f 237/374/697 236/371/698 235/370/699 238/375/700
f 239/376/701 237/374/702 238/375/703 240/377/704
f 240/377/705 227/362/706 225/361/707 239/376/708
s 6
f 218/378/709 217/379/710 225/361/711 226/360/712
f 219/380/713 218/381/709 226/360/712 230/365/714
f 220/382/715 219/383/713 230/365/714 231/366/716
f 221/384/717 220/385/715 231/366/716 233/368/718
f 222/386/719 221/387/717 233/372/718 236/371/720
f 223/388/721 222/389/719 236/371/720 237/374/722
f 224/390/723 223/391/721 237/374/722 239/376/724
f 217/392/710 224/393/723 239/376/724 225/361/711
s off
f 198/394/725 193/395/726 241/396/727 242/397/728
f 194/398/729 195/399/730 244/400/731 243/401/732
f 196/402/733 199/403/734 246/404/735 245/405/736
f 200/406/737 197/407/738 247/408/739 248/409/740
f 193/410/741 194/411/742 243/401/743 241/396/744
f 195/412/745 196/413/746 245/405/747 244/400/748
f 197/414/749 198/415/750 242/397/751 247/408/752
f 199/416/753 200/417/754 248/418/755 246/404/756
f 242/397/757 241/396/758 249/419/759 250/420/760
f 243/401/761 244/400/762 252/421/763 251/422/764
f 245/405/765 246/404/766 254/423/767 253/424/768
f 248/409/769 247/408/770 255/425/771 256/426/772
f 241/396/773 243/401/774 251/422/775 249/419/776
f 244/400/777 245/405/778 253/424/779 252/421/780
f 247/408/781 242/397/782 250/420/783 255/425/784
f 246/404/785 248/418/786 256/427/787 254/423/788
s 7
f 293/433/789 292/430/790 291/431/791 294/432/792
s 8
f 257/455/793 258/436/794 280/474/795 279/462/796
s off
f 258/436/797 257/455/798 260/482/799 259/491/800
s 9
f 259/491/801 260/482/802 282/483/803 281/439/804
s 8
f 261/441/805 262/440/806 278/472/807 277/461/808
s off
f 262/440/809 261/441/810 264/488/811 263/481/812
s 9
f 263/481/813 264/488/814 284/489/815 283/465/816
s 8
f 265/444/817 266/459/818 274/468/819 273/463/820
s off
f 266/459/821 265/444/822 268/486/823 267/479/824
s 9
f 267/479/825 268/486/826 288/487/827 287/467/828
s 8
f 269/458/829 270/447/830 276/470/831 275/460/832
s off
f 270/447/833 269/458/834 272/476/835 271/485/836
s 9
f 271/485/837 272/476/838 286/477/839 285/466/840
s off
f 273/463/841 274/468/842 290/469/843 289/451/844
f 275/460/845 276/470/846 291/471/847 292/452/848
f 277/461/849 278/472/850 293/473/851 294/453/852
f 279/462/853 280/474/854 295/475/855 296/454/856
f 257/455/857 262/440/858 263/456/859 260/464/860
f 267/457/861 272/449/862 269/458/863 266/459/864
f 270/447/865 271/448/866 264/442/867 261/441/868
f 268/445/869 265/444/870 258/436/871 259/437/872
s 8
f 266/459/818 269/458/829 275/460/832 274/468/819
f 270/447/830 261/441/805 277/461/808 276/470/831
f 262/440/806 257/455/793 279/462/796 278/472/807
f 258/436/794 265/444/817 273/463/820 280/474/795
s 9
f 260/464/802 263/456/813 283/480/816 282/438/803
f 264/442/814 271/448/837 285/484/840 284/443/815
f 272/449/838 267/457/825 287/478/828 286/450/839
f 268/445/826 259/437/801 281/490/804 288/446/827
s off
f 274/468/873 275/460/874 292/452/875 290/469/876
f 276/470/877 277/461/878 294/453/879 291/471/880
f 278/472/881 279/462/882 296/454/883 293/473/884
f 280/474/885 273/463/886 289/451/887 295/475/888
s 7
f 296/434/889 290/429/890 292/430/790 293/433/789
f 289/428/891 290/429/890 296/434/889 295/435/892
g default
v -1.220473 2.997775 -3.900000
v -1.500000 2.718248 -3.900000
v -1.500000 2.718248 -4.100000
v -1.220473 2.997775 -4.100000
v 1.500000 2.718248 -3.900000
v 1.220473 2.997775 -3.900000
v 1.220473 2.997775 -4.100000
v 1.500000 2.718248 -4.100000
v -1.500000 1.679527 -3.900000
v -1.220473 1.400000 -3.900000
v -1.220473 1.400000 -4.100000
v -1.500000 1.679527 -4.100000
v 1.220473 1.400000 -3.900000
v 1.500000 1.679527 -3.900000
v 1.500000 1.679527 -4.100000
v 1.220473 1.400000 -4.100000
v -1.400000 1.779527 -3.900000
v -1.120473 1.500000 -3.900000
v 1.120473 1.500000 -3.900000
v 1.400000 1.779527 -3.900000
v 1.400000 2.618247 -3.900000
v 1.120473 2.897775 -3.900000
v -1.120473 2.897775 -3.900000
v -1.400000 2.618247 -3.900000
v -1.400000 2.618248 -4.100000
v -1.120473 2.897775 -4.100000
v 1.120473 2.897775 -4.100000
v 1.400000 2.618248 -4.100000
v 1.400000 1.779527 -4.100000
v 1.120473 1.500000 -4.100000
v -1.120473 1.500000 -4.100000
v -1.400000 1.779527 -4.100000
v -1.400000 1.779527 -3.947496
v -1.120473 1.500000 -3.947496
v 1.400000 1.779527 -3.947496
v 1.120473 1.500000 -3.947496
v 1.120473 2.897775 -3.947496
v 1.400000 2.618247 -3.947496
v -1.400000 2.618247 -3.947496
v -1.120473 2.897775 -3.947496
v -0.050000 1.167496 -3.979497
v -0.020503 1.167496 -3.950000
v 0.020503 1.167496 -3.950000
v 0.050000 1.167496 -3.979497
v -0.020503 1.167496 -4.050000
v -0.050000 1.167496 -4.020503
v 0.050000 1.167496 -4.020503
v 0.020503 1.167496 -4.050000
v -0.050000 0.352765 -3.979497
v -0.050000 0.352765 -4.020503
v -0.020503 0.352765 -4.050000
v 0.020503 0.352765 -4.050000
v 0.050000 0.352765 -4.020503
v 0.050000 0.352765 -3.979497
v 0.020503 0.352765 -3.950000
v -0.020503 0.352765 -3.950000
v 0.027220 0.345711 -3.933782
v -0.027220 0.345711 -3.933782
v -0.027220 0.345711 -4.066218
v 0.027220 0.345711 -4.066218
v 0.066217 0.345711 -4.027220
v 0.066217 0.345711 -3.972780
v -0.066217 0.345711 -3.972780
v -0.066217 0.345711 -4.027220
v -0.027220 0.103713 -3.933782
v 0.027220 0.103713 -3.933782
v 0.066217 0.103713 -3.972780
v 0.066217 0.103713 -4.027220
v 0.027220 0.103713 -4.066218
v -0.027220 0.103713 -4.066218
v -0.066217 0.103713 -4.027220
v -0.066217 0.103713 -3.972780
v -0.046073 0.103713 -3.888346
v 0.046073 0.103713 -3.888346
v -0.046073 -0.053497 -3.888346
v 0.046073 -0.053497 -3.888346
v 0.111654 -0.053497 -3.953927
v 0.111654 0.103713 -3.953927
v 0.111654 0.103713 -4.046073
v 0.111654 -0.053497 -4.046073
v 0.046073 0.103713 -4.111654
v 0.046073 -0.053497 -4.111654
v -0.046073 -0.053497 -4.111654
v -0.046073 0.103713 -4.111654
v -0.111654 0.103713 -4.046073
v -0.111654 -0.053497 -4.046073
v -0.111654 0.103713 -3.953927
v -0.111654 -0.053497 -3.953927
v -0.064913 1.171915 -3.973382
v -0.064913 1.171915 -4.026618
v -0.026618 1.171915 -3.935087
v 0.026618 1.171915 -3.935087
v 0.064913 1.171915 -3.973382
v 0.064913 1.171915 -4.026618
v -0.026618 1.171915 -4.064913
v 0.026618 1.171915 -4.064913
v -0.064913 1.470122 -3.973382
v -0.064913 1.470122 -4.026618
v -0.026618 1.470122 -3.935087
v 0.026618 1.470122 -3.935087
v 0.064913 1.470122 -3.973382
v 0.064913 1.470122 -4.026618
v -0.026618 1.470122 -4.064913
v 0.026618 1.470122 -4.064913
vt 0.463788 0.031291
vt 0.499327 0.066829
vt 0.499327 0.351741
vt 0.463788 0.387280
vt 0.357154 0.387280
vt 0.321615 0.351741
vt 0.321615 0.066829
vt 0.357154 0.031291
vt 0.237379 0.458594
vt 0.237379 0.484076
vt 0.319332 0.412014
vt 0.269275 0.491086
vt 0.281109 0.110542
vt 0.248773 0.069514
vt 0.248773 0.044032
vt 0.236294 0.031291
vt 0.100933 0.458594
vt 0.100933 0.484076
vt 0.113412 0.496817
vt 0.112326 0.069514
vt 0.112326 0.044032
vt 0.043114 0.104034
vt 0.030373 0.116093
vt 0.115793 0.440623
vt 0.086893 0.118831
vt 0.233913 0.087485
vt 0.262812 0.409276
vt 0.281109 0.424073
vt 0.306591 0.110542
vt 0.043114 0.417566
vt 0.068596 0.104034
vt 0.068596 0.417566
vt 0.081198 0.118831
vt 0.233913 0.082008
vt 0.268507 0.409276
vt 0.115793 0.446100
vt 0.306591 0.424073
vt 0.316293 0.079138
vt 0.080430 0.037021
vt 0.033412 0.448971
vt 0.081198 0.404495
vt 0.086893 0.404495
vt 0.125525 0.082008
vt 0.125525 0.087485
vt 0.268507 0.123613
vt 0.262812 0.123613
vt 0.224180 0.446100
vt 0.224180 0.440623
vt 0.056001 0.085830
vt 0.043492 0.072901
vt 0.030373 0.403898
vt 0.046283 0.436338
vt 0.319332 0.124210
vt 0.303422 0.091770
vt 0.293705 0.442278
vt 0.306213 0.455207
vt 0.126399 0.031291
vt 0.093194 0.049807
vt 0.082272 0.473718
vt 0.069198 0.486122
vt 0.267434 0.054391
vt 0.280507 0.041986
vt 0.223307 0.496817
vt 0.256511 0.478300
vt 0.181214 0.289643
vt 0.174248 0.289643
vt 0.174248 0.258855
vt 0.181214 0.258855
vt 0.146633 0.258855
vt 0.153169 0.258855
vt 0.153169 0.289643
vt 0.146633 0.289643
vt 0.195237 0.289643
vt 0.188271 0.289643
vt 0.188271 0.258855
vt 0.195237 0.258855
vt 0.167192 0.289643
vt 0.160226 0.289643
vt 0.160226 0.258855
vt 0.167192 0.258855
vt 0.201864 0.289643
vt 0.201864 0.258855
vt 0.136787 0.191957
vt 0.136787 0.088373
vt 0.142000 0.088373
vt 0.142000 0.191957
vt 0.131483 0.191957
vt 0.131483 0.088373
vt 0.126270 0.088373
vt 0.126270 0.191957
vt 0.168338 0.191957
vt 0.163034 0.191957
vt 0.163034 0.088373
vt 0.168338 0.088373
vt 0.157821 0.191957
vt 0.157821 0.088373
vt 0.152517 0.088373
vt 0.152517 0.191957
vt 0.147304 0.191957
vt 0.147304 0.088373
vt 0.181214 0.291893
vt 0.174248 0.291893
vt 0.153169 0.291894
vt 0.146633 0.291894
vt 0.195237 0.291893
vt 0.188271 0.291893
vt 0.167192 0.291894
vt 0.160226 0.291894
vt 0.174248 0.291894
vt 0.167192 0.291894
vt 0.188271 0.291893
vt 0.181214 0.291893
vt 0.160226 0.291894
vt 0.153169 0.291894
vt 0.201864 0.291893
vt 0.195237 0.291893
vt 0.203885 0.367436
vt 0.192232 0.367436
vt 0.192232 0.347769
vt 0.203885 0.347769
vt 0.215627 0.347769
vt 0.215627 0.367436
vt 0.227279 0.367436
vt 0.227279 0.347769
vt 0.237831 0.367436
vt 0.237831 0.347769
vt 0.157095 0.347769
vt 0.157095 0.367436
vt 0.146633 0.367436
vt 0.146633 0.347769
vt 0.168838 0.367436
vt 0.168838 0.347769
vt 0.180490 0.367436
vt 0.180490 0.347769
vt 0.203885 0.373121
vt 0.192232 0.373121
vt 0.215627 0.373126
vt 0.203885 0.373126
vt 0.227279 0.373124
vt 0.215627 0.373124
vt 0.237831 0.373129
vt 0.227279 0.373129
vt 0.157095 0.373114
vt 0.146633 0.373114
vt 0.168838 0.373119
vt 0.157095 0.373119
vt 0.180490 0.373118
vt 0.168838 0.373118
vt 0.192232 0.373122
vt 0.180490 0.373122
vt 0.214173 0.192844
vt 0.220984 0.192844
vt 0.220984 0.194829
vt 0.214173 0.194829
vt 0.227886 0.192843
vt 0.234698 0.192843
vt 0.234698 0.194829
vt 0.227886 0.194829
vt 0.241600 0.192842
vt 0.248412 0.192842
vt 0.248412 0.194829
vt 0.241600 0.194829
vt 0.200856 0.192845
vt 0.207270 0.192845
vt 0.207270 0.194829
vt 0.200856 0.194829
vt 0.220984 0.192849
vt 0.227886 0.192849
vt 0.234698 0.192847
vt 0.241600 0.192847
vt 0.207270 0.192850
vt 0.214173 0.192850
vt 0.248412 0.192846
vt 0.254925 0.192846
vt 0.254925 0.194829
vt 0.220984 0.232909
vt 0.214173 0.232909
vt 0.234698 0.232909
vt 0.227886 0.232909
vt 0.248412 0.232909
vt 0.241600 0.232909
vt 0.207270 0.232909
vt 0.200856 0.232909
vt 0.254925 0.232909
vn 0.000000 0.000000 1.000000
vn 0.000000 0.000000 1.000000
vn 0.000000 0.000000 1.000000
vn 0.000000 0.000000 1.000000
vn 0.000000 0.000000 1.000000
vn 0.000000 0.000000 1.000000
vn 0.000000 0.000000 1.000000
vn 0.000000 0.000000 1.000000
vn -0.707107 0.707107 0.000000
vn -0.707107 0.707107 0.000000
vn -0.707107 0.707107 0.000000
vn -0.707107 0.707107 0.000000
vn -0.000000 0.000000 -1.000000
vn 0.000000 0.000000 -1.000000
vn 0.000000 0.000000 -1.000000
vn -0.000000 0.000000 -1.000000
vn -0.000000 0.000000 1.000000
vn -0.000000 0.000000 1.000000
vn -0.000000 0.000000 1.000000
vn -0.000000 0.000000 1.000000
vn 0.707107 0.707107 0.000000
vn 0.707107 0.707107 0.000000
vn 0.707107 0.707107 0.000000
vn 0.707107 0.707107 0.000000
vn -0.000000 0.000000 -1.000000
vn -0.000000 0.000000 -1.000000
vn -0.000000 0.000000 -1.000000
vn -0.000000 0.000000 -1.000000
vn 0.000000 0.000000 1.000000
vn 0.000000 0.000000 1.000000
vn 0.000000 0.000000 1.000000
vn 0.000000 0.000000 1.000000
vn -0.707107 -0.707107 0.000000
vn -0.707107 -0.707107 0.000000
vn -0.707107 -0.707107 0.000000
vn -0.707107 -0.707107 0.000000
vn -0.000000 0.000000 -1.000000
vn -0.000000 0.000000 -1.000000
vn -0.000000 0.000000 -1.000000
vn -0.000000 0.000000 -1.000000
vn 0.000000 0.000000 1.000000
vn -0.000000 0.000000 1.000000
vn -0.000000 0.000000 1.000000
vn 0.000000 0.000000 1.000000
vn 0.707107 -0.707107 0.000000
vn 0.707107 -0.707107 0.000000
vn 0.707107 -0.707107 0.000000
vn 0.707107 -0.707107 0.000000
vn -0.000000 0.000000 -1.000000
vn -0.000000 0.000000 -1.000000
vn -0.000000 0.000000 -1.000000
vn -0.000000 0.000000 -1.000000
vn 0.707107 0.707107 0.000000
vn 0.707107 0.707107 0.000000
vn 0.707107 0.707107 0.000000
vn 0.707107 0.707107 0.000000
vn -0.707107 0.707107 0.000000
vn -0.707107 0.707107 0.000000
vn -0.707107 0.707107 0.000000
vn -0.707107 0.707107 0.000000
vn -0.707107 -0.707106 0.000000
vn -0.707107 -0.707106 0.000000
vn -0.707107 -0.707106 0.000000
vn -0.707107 -0.707106 0.000000
vn 0.707107 -0.707106 0.000000
vn 0.707107 -0.707106 0.000000
vn 0.707107 -0.707106 0.000000
vn 0.707107 -0.707106 0.000000
vn 0.000000 1.000000 0.000000
vn 0.000000 1.000000 0.000000
vn 0.000000 1.000000 0.000000
vn 0.000000 1.000000 0.000000
vn 0.000000 -1.000000 0.000000
vn 0.000000 -1.000000 0.000000
vn 0.000000 -1.000000 0.000000
vn 0.000000 -1.000000 0.000000
vn 1.000000 0.000000 0.000000
vn 1.000000 0.000000 0.000000
vn 1.000000 0.000000 0.000000
vn 1.000000 0.000000 0.000000
vn -1.000000 0.000000 0.000000
vn -1.000000 0.000000 0.000000
vn -1.000000 0.000000 0.000000
vn -1.000000 0.000000 0.000000
vn 0.000000 1.000000 0.000000
vn 0.000000 1.000000 0.000000
vn 0.000000 1.000000 0.000000
vn 0.000000 1.000000 0.000000
vn -1.000000 0.000000 0.000000
vn -1.000000 0.000000 0.000000
vn -1.000000 0.000000 0.000000
vn -1.000000 0.000000 0.000000
vn 0.000000 -1.000000 0.000000
vn 0.000000 -1.000000 0.000000
vn 0.000000 -1.000000 0.000000
vn 0.000000 -1.000000 0.000000
vn 1.000000 0.000000 0.000000
vn 1.000000 0.000000 0.000000
vn 1.000000 0.000000 0.000000
vn 1.000000 0.000000 0.000000
vn -0.000000 0.000000 1.000000
vn -0.000000 0.000000 1.000000
vn -0.000000 0.000000 1.000000
vn -0.000000 0.000000 1.000000
vn 0.000000 0.000000 1.000000
vn 0.000000 0.000000 1.000000
vn 0.000000 0.000000 1.000000
vn 0.000000 0.000000 1.000000
vn 0.000000 0.000000 -1.000000
vn 0.000000 0.000000 -1.000000
vn 0.000000 0.000000 -1.000000
vn 0.000000 0.000000 -1.000000
vn 1.000000 0.000000 0.000000
vn 1.000000 0.000000 0.000000
vn 1.000000 0.000000 0.000000
vn 1.000000 0.000000 0.000000
vn -1.000000 0.000000 0.000000
vn -1.000000 0.000000 0.000000
vn -1.000000 0.000000 0.000000
vn -1.000000 0.000000 0.000000
vn -0.707107 0.000000 0.707107
vn -0.707107 0.000000 0.707107
vn -0.707107 0.000000 0.707107
vn -0.707107 0.000000 0.707107
vn 0.707107 0.000000 0.707107
vn 0.707107 0.000000 0.707107
vn 0.707107 0.000000 0.707107
vn 0.707107 0.000000 0.707107
vn -0.707107 0.000000 -0.707107
vn -0.707107 0.000000 -0.707107
vn -0.707107 0.000000 -0.707107
vn -0.707107 0.000000 -0.707107
vn 0.707107 0.000000 -0.707107
vn 0.707107 0.000000 -0.707107
vn 0.707107 0.000000 -0.707107
vn 0.707107 0.000000 -0.707107
vn -1.000000 0.000000 0.000000
vn -1.000000 0.000000 0.000000
vn -1.000000 0.000000 0.000000
vn -1.000000 0.000000 0.000000
vn -0.707107 0.000000 -0.707107
vn -0.707107 0.000000 -0.707107
vn -0.707107 0.000000 -0.707107
vn -0.707106 0.000000 -0.707107
vn 0.000000 0.000000 -1.000000
vn 0.000000 0.000000 -1.000000
vn 0.000000 0.000000 -1.000000
vn 0.000000 0.000000 -1.000000
vn 0.707107 0.000000 -0.707107
vn 0.707107 0.000000 -0.707107
vn 0.707107 0.000000 -0.707107
vn 0.707107 0.000000 -0.707107
vn 1.000000 0.000000 0.000000
vn 1.000000 0.000000 0.000000
vn 1.000000 0.000000 0.000000
vn 1.000000 0.000000 0.000000
vn 0.707107 0.000000 0.707107
vn 0.707106 0.000000 0.707107
vn 0.707106 0.000000 0.707107
vn 0.707106 0.000000 0.707107
vn 0.000000 0.000000 1.000000
vn 0.000000 0.000000 1.000000
vn 0.000000 0.000000 1.000000
vn 0.000000 0.000000 1.000000
vn -0.707107 0.000000 0.707107
vn -0.707106 0.000000 0.707107
vn -0.707107 0.000000 0.707107
vn -0.707107 0.000000 0.707107
vn 0.143743 0.927884 0.344049
vn -0.143743 0.927884 0.344048
vn -0.143743 0.927884 0.344048
vn 0.143743 0.927884 0.344049
vn -0.143743 0.927884 -0.344049
vn 0.143743 0.927884 -0.344049
vn 0.143743 0.927884 -0.344048
vn -0.143743 0.927884 -0.344049
vn 0.344049 0.927884 -0.143743
vn 0.344049 0.927884 0.143743
vn 0.344049 0.927884 0.143743
vn 0.344049 0.927884 -0.143743
vn -0.344049 0.927884 0.143743
vn -0.344049 0.927884 -0.143743
vn -0.344049 0.927884 -0.143743
vn -0.344049 0.927884 0.143743
vn 0.000000 0.000000 1.000000
vn 0.000000 0.000000 1.000000
vn 0.000000 0.000000 1.000000
vn 0.000000 0.000000 1.000000
vn 0.707107 0.000000 0.707107
vn 0.707107 0.000000 0.707107
vn 0.707107 0.000000 0.707107
vn 0.707107 0.000000 0.707107
vn 1.000000 0.000000 0.000000
vn 1.000000 0.000000 0.000000
vn 1.000000 0.000000 0.000000
vn 1.000000 0.000000 0.000000
vn 0.707107 0.000000 -0.707107
vn 0.707107 0.000000 -0.707107
vn 0.707107 0.000000 -0.707107
vn 0.707107 0.000000 -0.707107
vn -0.000000 0.000000 -1.000000
vn -0.000000 0.000000 -1.000000
vn -0.000000 0.000000 -1.000000
vn -0.000000 0.000000 -1.000000
vn -0.707107 0.000000 -0.707107
vn -0.707107 0.000000 -0.707107
vn -0.707107 0.000000 -0.707107
vn -0.707107 0.000000 -0.707107
vn -1.000000 0.000000 0.000000
vn -1.000000 0.000000 0.000000
vn -1.000000 0.000000 0.000000
vn -1.000000 0.000000 0.000000
vn -0.707107 0.000000 0.707107
vn -0.707107 0.000000 0.707107
vn -0.707107 0.000000 0.707107
vn -0.707107 0.000000 0.707107
vn 0.000000 1.000000 -0.000000
vn 0.000000 1.000000 -0.000000
vn 0.000000 1.000000 -0.000000
vn 0.000000 1.000000 -0.000000
vn 0.000000 1.000000 0.000000
vn 0.000000 1.000000 0.000000
vn 0.000000 1.000000 0.000000
vn 0.000000 1.000000 0.000000
vn 0.000000 1.000000 0.000000
vn 0.000000 1.000000 0.000000
vn 0.000000 1.000000 0.000000
vn 0.000000 1.000000 0.000000
vn 0.000000 1.000000 0.000000
vn 0.000000 1.000000 0.000000
vn 0.000000 1.000000 -0.000000
vn 0.000000 1.000000 -0.000000
vn -0.284120 -0.958789 0.000000
vn -0.284120 -0.958789 0.000000
vn -0.284120 -0.958789 0.000000
vn -0.284120 -0.958789 0.000000
vn 0.000000 -0.958790 0.284116
vn 0.000000 -0.958790 0.284116
vn 0.000000 -0.958790 0.284116
vn 0.000000 -0.958790 0.284116
vn 0.284120 -0.958789 0.000000
vn 0.284120 -0.958789 0.000000
vn 0.284120 -0.958789 0.000000
vn 0.284120 -0.958789 0.000000
vn 0.000000 -0.958790 -0.284116
vn 0.000000 -0.958790 -0.284116
vn 0.000000 -0.958790 -0.284116
vn 0.000000 -0.958790 -0.284116
vn -0.201447 -0.958560 0.201447
vn -0.201447 -0.958560 0.201447
vn -0.201447 -0.958560 0.201447
vn -0.201447 -0.958560 0.201447
vn 0.201447 -0.958561 0.201447
vn 0.201447 -0.958561 0.201446
vn 0.201447 -0.958561 0.201446
vn 0.201447 -0.958561 0.201447
vn -0.201447 -0.958561 -0.201447
vn -0.201447 -0.958561 -0.201446
vn -0.201447 -0.958561 -0.201446
vn -0.201447 -0.958561 -0.201447
vn 0.201447 -0.958560 -0.201447
vn 0.201447 -0.958560 -0.201447
vn 0.201447 -0.958560 -0.201447
vn 0.201447 -0.958560 -0.201447
vn -1.000000 0.000000 0.000000
vn -1.000000 0.000000 0.000000
vn -1.000000 0.000000 0.000000
vn -1.000000 0.000000 0.000000
vn 0.000000 0.000000 1.000000
vn 0.000000 0.000000 1.000000
vn 0.000000 0.000000 1.000000
vn 0.000000 0.000000 1.000000
vn 1.000000 0.000000 0.000000
vn 1.000000 0.000000 0.000000
vn 1.000000 0.000000 0.000000
vn 1.000000 0.000000 0.000000
vn 0.000000 0.000000 -1.000000
vn 0.000000 0.000000 -1.000000
vn 0.000000 0.000000 -1.000000
vn 0.000000 0.000000 -1.000000
vn -0.707106 0.000000 0.707107
vn -0.707106 0.000000 0.707107
vn -0.707106 0.000000 0.707107
vn -0.707106 0.000000 0.707107
vn 0.707106 0.000000 0.707107
vn 0.707106 0.000000 0.707107
vn 0.707106 0.000000 0.707107
vn 0.707106 0.000000 0.707107
vn -0.707106 0.000000 -0.707107
vn -0.707106 0.000000 -0.707107
vn -0.707106 0.000000 -0.707107
vn -0.707106 0.000000 -0.707107
vn 0.707106 0.000000 -0.707107
vn 0.707106 0.000000 -0.707107
vn 0.707106 0.000000 -0.707107
vn 0.707106 0.000000 -0.707107
s 1
g decor1 panneau_1poutre
usemtl initialShadingGroup
f 333/497/893 332/494/894 331/495/895 334/496/896
s 2
f 297/519/897 298/500/898 320/538/899 319/526/900
s off
f 298/500/901 297/519/902 300/546/903 299/555/904
s 3
f 299/555/905 300/546/906 322/547/907 321/503/908
s 2
f 301/505/909 302/504/910 318/536/911 317/525/912
s off
f 302/504/913 301/505/914 304/552/915 303/545/916
s 3
f 303/545/917 304/552/918 324/553/919 323/529/920
s 2
f 305/508/921 306/523/922 314/532/923 313/527/924
s off
f 306/523/925 305/508/926 308/550/927 307/543/928
s 3
f 307/543/929 308/550/930 328/551/931 327/531/932
s 2
f 309/522/933 310/511/934 316/534/935 315/524/936
s off
f 310/511/937 309/522/938 312/540/939 311/549/940
s 3
f 311/549/941 312/540/942 326/541/943 325/530/944
s off
f 313/527/945 314/532/946 330/533/947 329/515/948
f 315/524/949 316/534/950 331/535/951 332/516/952
f 317/525/953 318/536/954 333/537/955 334/517/956
f 319/526/957 320/538/958 335/539/959 336/518/960
f 297/519/961 302/504/962 303/520/963 300/528/964
f 307/521/965 312/513/966 309/522/967 306/523/968
f 310/511/969 311/512/970 304/506/971 301/505/972
f 308/509/973 305/508/974 298/500/975 299/501/976
s 2
f 306/523/922 309/522/933 315/524/936 314/532/923
f 310/511/934 301/505/909 317/525/912 316/534/935
f 302/504/910 297/519/897 319/526/900 318/536/911
f 298/500/898 305/508/921 313/527/924 320/538/899
s 3
f 300/528/906 303/520/917 323/544/920 322/502/907
f 304/506/918 311/512/941 325/548/944 324/507/919
f 312/513/942 307/521/929 327/542/932 326/514/943
f 308/509/930 299/501/905 321/554/908 328/510/931
s off
f 314/532/977 315/524/978 332/516/979 330/533/980
f 316/534/981 317/525/982 334/517/983 331/535/984
f 318/536/985 319/526/986 336/518/987 333/537/988
f 320/538/989 313/527/990 329/515/991 335/539/992
s 1
f 336/498/993 330/493/994 332/494/894 333/497/893
f 329/492/995 330/493/994 336/498/993 335/499/996
s off
f 353/556/997 354/557/998 361/558/999 362/559/1000
f 365/560/1001 366/561/1002 355/562/1003 356/563/1004
f 357/564/1005 358/565/1006 363/566/1007 364/567/1008
f 359/568/1009 360/569/1010 367/570/1011 368/571/1012
f 368/571/1013 361/558/1014 354/557/1015 359/568/1016
f 362/559/1017 363/566/1018 358/565/1019 353/556/1020
f 360/569/1021 355/562/1022 366/561/1023 367/570/1024
f 356/572/1025 357/564/1026 364/567/1027 365/573/1028
f 342/574/1029 346/575/1030 345/576/1031 337/577/1032
f 342/574/1033 341/578/1034 347/579/1035 346/575/1036
f 348/580/1037 347/579/1038 341/578/1039 344/581/1040
f 344/582/1041 343/583/1042 349/584/1043 348/585/1044
f 340/586/1045 350/587/1046 349/584/1047 343/583/1048
f 351/588/1049 350/587/1050 340/586/1051 339/589/1052
f 338/590/1053 352/591/1054 351/588/1055 339/589/1056
f 345/576/1057 352/591/1058 338/590/1059 337/577/1060
s 6
f 351/592/1061 352/593/1062 354/557/1063 353/556/1064
f 347/594/1065 348/595/1066 356/563/1067 355/562/1068
f 349/596/1069 350/597/1070 358/565/1071 357/564/1072
f 345/598/1073 346/599/1074 360/569/1075 359/568/1076
f 352/600/1062 345/601/1073 359/568/1076 354/557/1063
f 350/602/1070 351/603/1061 353/556/1064 358/565/1071
f 346/604/1074 347/605/1065 355/562/1068 360/569/1075
f 348/606/1066 349/607/1069 357/564/1072 356/572/1067
s off
f 370/608/1077 369/609/1078 371/610/1079 372/611/1080
f 372/611/1081 373/612/1082 374/613/1083 370/608/1084
f 375/614/1085 374/613/1086 373/612/1087 376/615/1088
f 377/616/1089 375/614/1090 376/615/1091 378/617/1092
f 379/618/1093 380/619/1094 377/620/1095 378/621/1096
f 381/622/1097 380/619/1098 379/618/1099 382/623/1100
f 383/624/1101 381/622/1102 382/623/1103 384/625/1104
f 384/625/1105 371/610/1106 369/609/1107 383/624/1108
s 8
f 362/626/1109 361/627/1110 369/609/1111 370/608/1112
f 363/628/1113 362/629/1109 370/608/1112 374/613/1114
f 364/630/1115 363/631/1113 374/613/1114 375/614/1116
f 365/632/1117 364/633/1115 375/614/1116 377/616/1118
f 366/634/1119 365/635/1117 377/620/1118 380/619/1120
f 367/636/1121 366/637/1119 380/619/1120 381/622/1122
f 368/638/1123 367/639/1121 381/622/1122 383/624/1124
f 361/640/1110 368/641/1123 383/624/1124 369/609/1111
s off
f 342/642/1125 337/643/1126 385/644/1127 386/645/1128
f 338/646/1129 339/647/1130 388/648/1131 387/649/1132
f 340/650/1133 343/651/1134 390/652/1135 389/653/1136
f 344/654/1137 341/655/1138 391/656/1139 392/657/1140
f 337/658/1141 338/659/1142 387/649/1143 385/644/1144
f 339/660/1145 340/661/1146 389/653/1147 388/648/1148
f 341/662/1149 342/663/1150 386/645/1151 391/656/1152
f 343/664/1153 344/665/1154 392/666/1155 390/652/1156
f 386/645/1157 385/644/1158 393/667/1159 394/668/1160
f 387/649/1161 388/648/1162 396/669/1163 395/670/1164
f 389/653/1165 390/652/1166 398/671/1167 397/672/1168
f 392/657/1169 391/656/1170 399/673/1171 400/674/1172
f 385/644/1173 387/649/1174 395/670/1175 393/667/1176
f 388/648/1177 389/653/1178 397/672/1179 396/669/1180
f 391/656/1181 386/645/1182 394/668/1183 399/673/1184
f 390/652/1185 392/666/1186 400/675/1187 398/671/1188
g default
v -0.550000 0.840006 0.050000
v -0.490006 0.900000 0.050000
v -0.550000 0.840006 -0.050000
v -0.490006 0.900000 -0.050000
v 0.490006 0.900000 0.050000
v 0.550000 0.840006 0.050000
v 0.550000 0.840006 -0.050000
v 0.490006 0.900000 -0.050000
v -0.490006 0.600000 0.050000
v -0.550000 0.659994 0.050000
v -0.550000 0.659994 -0.050000
v -0.490006 0.600000 -0.050000
v 0.550000 0.659994 0.050000
v 0.490006 0.600000 0.050000
v 0.490006 0.600000 -0.050000
v 0.550000 0.659994 -0.050000
v -0.473437 0.860000 -0.050000
v -0.510000 0.823437 -0.050000
v 0.473437 0.860000 -0.050000
v 0.510000 0.823437 -0.050000
v 0.510000 0.676562 -0.050000
v 0.473437 0.640000 -0.050000
v -0.473437 0.640000 -0.050000
v -0.510000 0.676562 -0.050000
v -0.473437 0.640000 0.050000
v -0.510000 0.676562 0.050000
v 0.473437 0.640000 0.050000
v 0.510000 0.676562 0.050000
v 0.510000 0.823437 0.050000
v 0.473437 0.860000 0.050000
v -0.473437 0.860000 0.050000
v -0.510000 0.823437 0.050000
v -0.450000 0.000000 -0.030000
v -0.480000 0.000000 -0.000000
v -0.450000 0.000000 0.030000
v -0.420000 0.000000 0.000000
v -0.450000 0.924740 -0.030000
v -0.480000 0.924740 -0.000000
v -0.450000 0.924740 0.030000
v -0.420000 0.924740 0.000000
v 0.450000 0.000000 -0.030000
v 0.420000 0.000000 -0.000000
v 0.450000 0.000000 0.030000
v 0.480000 0.000000 0.000000
v 0.450000 0.924740 -0.030000
v 0.420000 0.924740 -0.000000
v 0.450000 0.924740 0.030000
v 0.480000 0.924740 0.000000
vt 0.732690 0.768902
vt 0.745056 0.752684
vt 0.944220 0.750853
vt 0.957234 0.768884
vt 0.745373 0.689989
vt 0.732439 0.671887
vt 0.956458 0.671942
vt 0.944114 0.688205
vt 0.952876 0.701573
vt 0.969180 0.694847
vt 0.968000 0.743803
vt 0.953938 0.738835
vt 0.721507 0.696825
vt 0.735518 0.701954
vt 0.736332 0.739251
vt 0.719949 0.745851
vt 0.677948 0.770238
vt 0.677948 0.725312
vt 0.946535 0.704670
vt 0.947273 0.735015
vt 0.736479 0.777731
vt 0.713046 0.744716
vt 0.970806 0.761061
vt 0.975586 0.743275
vt 0.976094 0.695902
vt 0.952697 0.663112
vt 0.718857 0.679511
vt 0.713926 0.697234
vt 0.484588 0.725312
vt 0.477122 0.732778
vt 0.484588 0.770238
vt 0.742709 0.736194
vt 0.742132 0.705848
vt 0.477122 0.762772
vt 0.748794 0.744243
vt 0.940357 0.742622
vt 0.685415 0.762772
vt 0.685415 0.732778
vt 0.940437 0.696654
vt 0.749140 0.698235
vt 0.736278 0.663057
vt 0.969782 0.679130
vt 0.953404 0.777716
vt 0.719355 0.761603
vt 0.904707 0.475273
vt 0.912208 0.475273
vt 0.912208 0.638776
vt 0.904707 0.638776
vt 0.919710 0.475273
vt 0.919709 0.638776
vt 0.927211 0.475273
vt 0.927211 0.638776
vt 0.934712 0.475273
vt 0.934712 0.638776
vt 0.919709 0.646278
vt 0.912208 0.646278
vt 0.904707 0.475273
vt 0.912208 0.475273
vt 0.912208 0.638776
vt 0.904707 0.638776
vt 0.919710 0.475273
vt 0.919709 0.638776
vt 0.927211 0.475273
vt 0.927211 0.638776
vt 0.934712 0.475273
vt 0.934712 0.638776
vt 0.919709 0.646278
vt 0.912208 0.646278
vn 0.000000 1.000000 0.000000
vn 0.000000 1.000000 0.000000
vn 0.000000 1.000000 0.000000
vn 0.000000 1.000000 0.000000
vn 0.000000 -1.000000 0.000000
vn 0.000000 -1.000000 0.000000
vn 0.000000 -1.000000 0.000000
vn 0.000000 -1.000000 0.000000
vn 1.000000 0.000000 0.000000
vn 1.000000 0.000000 0.000000
vn 1.000000 0.000000 0.000000
vn 1.000000 0.000000 0.000000
vn -1.000000 0.000000 0.000000
vn -1.000000 0.000000 0.000000
vn -1.000000 0.000000 0.000000
vn -1.000000 0.000000 0.000000
vn 0.000000 0.000000 1.000000
vn 0.000000 0.000000 1.000000
vn 0.000000 0.000000 1.000000
vn 0.000000 0.000000 1.000000
vn -0.707107 0.707107 0.000000
vn -0.707107 0.707107 0.000000
vn -0.707107 0.707107 0.000000
vn -0.707107 0.707107 0.000000
vn 0.707107 0.707107 0.000000
vn 0.707107 0.707107 0.000000
vn 0.707107 0.707107 0.000000
vn 0.707107 0.707107 0.000000
vn -0.707107 -0.707107 0.000000
vn -0.707107 -0.707107 0.000000
vn -0.707107 -0.707107 0.000000
vn -0.707107 -0.707107 0.000000
vn 0.707107 -0.707107 0.000000
vn 0.707107 -0.707107 0.000000
vn 0.707107 -0.707107 0.000000
vn 0.707107 -0.707107 0.000000
vn -0.000000 0.000000 -1.000000
vn 0.000000 0.000000 -1.000000
vn 0.000000 0.000000 -1.000000
vn -0.000000 0.000000 -1.000000
vn -0.000000 0.000000 -1.000000
vn -0.000000 0.000000 -1.000000
vn 0.000000 0.000000 -1.000000
vn 0.000000 0.000000 -1.000000
vn 0.000000 0.000000 -1.000000
vn 0.000000 0.000000 -1.000000
vn -0.000000 0.000000 -1.000000
vn -0.000000 0.000000 -1.000000
vn 0.000000 0.000000 -1.000000
vn 0.000000 0.000000 -1.000000
vn -0.000000 0.000000 -1.000000
vn -0.000000 0.000000 -1.000000
vn -0.000000 0.000000 1.000000
vn 0.000000 0.000000 1.000000
vn -0.000000 0.000000 1.000000
vn -0.000000 0.000000 1.000000
vn -0.000000 0.000000 1.000000
vn 0.000000 0.000000 1.000000
vn 0.000000 0.000000 1.000000
vn -0.000000 0.000000 1.000000
vn 0.000000 0.000000 1.000000
vn -0.000000 0.000000 1.000000
vn -0.000000 0.000000 1.000000
vn -0.000000 0.000000 1.000000
vn -0.707107 0.000000 -0.707107
vn -0.707107 0.000000 -0.707107
vn -0.707107 0.000000 -0.707107
vn -0.707107 0.000000 -0.707107
vn -0.707107 0.000000 0.707107
vn -0.707107 0.000000 0.707107
vn -0.707107 0.000000 0.707107
vn -0.707107 0.000000 0.707107
vn 0.707107 0.000000 0.707107
vn 0.707107 0.000000 0.707107
vn 0.707107 0.000000 0.707107
vn 0.707107 0.000000 0.707107
vn 0.707107 0.000000 -0.707107
vn 0.707107 0.000000 -0.707107
vn 0.707107 0.000000 -0.707107
vn 0.707107 0.000000 -0.707107
vn 0.000000 1.000000 0.000000
vn 0.000000 1.000000 0.000000
vn 0.000000 1.000000 0.000000
vn 0.000000 1.000000 0.000000
vn -0.707107 0.000000 -0.707107
vn -0.707107 0.000000 -0.707107
vn -0.707107 0.000000 -0.707107
vn -0.707107 0.000000 -0.707107
vn -0.707107 0.000000 0.707107
vn -0.707107 0.000000 0.707107
vn -0.707107 0.000000 0.707107
vn -0.707107 0.000000 0.707107
vn 0.707107 0.000000 0.707107
vn 0.707107 0.000000 0.707107
vn 0.707107 0.000000 0.707107
vn 0.707107 0.000000 0.707107
vn 0.707107 0.000000 -0.707107
vn 0.707107 0.000000 -0.707107
vn 0.707107 0.000000 -0.707107
vn 0.707107 0.000000 -0.707107
vn 0.000000 1.000000 0.000000
vn 0.000000 1.000000 0.000000
vn 0.000000 1.000000 0.000000
vn 0.000000 1.000000 0.000000
s off
g decor1 Mini_Panneau_1x1
usemtl initialShadingGroup
f 404/676/1189 402/677/1190 405/678/1191 408/679/1192
f 409/680/1193 412/681/1194 415/682/1195 414/683/1196
f 413/684/1197 416/685/1198 407/686/1199 406/687/1200
f 411/688/1201 410/689/1202 401/690/1203 403/691/1204
s 1
f 430/692/1205 427/693/1206 428/713/1207 429/712/1208
s off
f 401/690/1209 402/677/1210 404/676/1211 403/691/1212
f 405/678/1213 406/687/1214 407/686/1215 408/679/1216
f 409/680/1217 410/689/1218 411/688/1219 412/681/1220
f 413/684/1221 414/683/1222 415/682/1223 416/685/1224
s 2
f 403/691/1225 404/676/1226 417/719/1227 418/697/1228
f 404/676/1226 408/679/1229 419/718/1230 417/696/1227
f 408/679/1229 407/686/1231 420/699/1232 419/698/1230
f 407/686/1231 416/685/1233 421/700/1234 420/699/1232
f 416/685/1233 415/682/1235 422/717/1236 421/700/1234
f 415/682/1235 412/681/1237 423/716/1238 422/701/1236
f 412/681/1237 411/688/1239 424/703/1240 423/702/1238
f 411/688/1239 403/691/1225 418/697/1228 424/703/1240
s 1
f 410/689/1241 409/680/1242 425/715/1243 426/708/1244
f 409/680/1242 414/683/1245 427/714/1206 425/715/1243
f 414/683/1245 413/684/1246 428/694/1207 427/714/1206
f 413/684/1246 406/687/1247 429/695/1208 428/694/1207
f 406/687/1247 405/678/1248 430/711/1205 429/695/1208
f 405/678/1248 402/677/1249 431/710/1250 430/711/1205
f 402/677/1249 401/690/1251 432/707/1252 431/710/1250
f 401/690/1251 410/689/1241 426/708/1244 432/707/1252
f 426/705/1244 425/704/1243 431/706/1250 432/709/1252
f 431/706/1250 425/704/1243 427/693/1206 430/692/1205
s off
f 433/720/1253 434/721/1254 438/722/1255 437/723/1256
f 434/721/1257 435/724/1258 439/725/1259 438/722/1260
f 435/724/1261 436/726/1262 440/727/1263 439/725/1264
f 436/726/1265 433/728/1266 437/729/1267 440/727/1268
f 438/722/1269 439/725/1270 440/730/1271 437/731/1272
f 441/732/1273 442/733/1274 446/734/1275 445/735/1276
f 442/733/1277 443/736/1278 447/737/1279 446/734/1280
f 443/736/1281 444/738/1282 448/739/1283 447/737/1284
f 444/738/1285 441/740/1286 445/741/1287 448/739/1288
f 446/734/1289 447/737/1290 448/742/1291 445/743/1292
g default
v -0.450000 0.000000 -2.030000
v -0.480000 0.000000 -2.000000
v -0.450000 0.000000 -1.970000
v -0.420000 0.000000 -2.000000
v -0.450000 1.924740 -2.030000
v -0.480000 1.924740 -2.000000
v -0.450000 1.924740 -1.970000
v -0.420000 1.924740 -2.000000
v -0.550000 0.840006 -1.950000
v -0.490006 0.900000 -1.950000
v -0.550000 0.840006 -2.050000
v -0.490006 0.900000 -2.050000
v 0.490006 0.900000 -1.950000
v 0.550000 0.840006 -1.950000
v 0.550000 0.840006 -2.050000
v 0.490006 0.900000 -2.050000
v -0.490006 0.600000 -1.950000
v -0.550000 0.659994 -1.950000
v -0.550000 0.659994 -2.050000
v -0.490006 0.600000 -2.050000
v 0.550000 0.659994 -1.950000
v 0.490006 0.600000 -1.950000
v 0.490006 0.600000 -2.050000
v 0.550000 0.659994 -2.050000
v -0.473437 0.860000 -2.050000
v -0.510000 0.823437 -2.050000
v 0.473437 0.860000 -2.050000
v 0.510000 0.823437 -2.050000
v 0.510000 0.676562 -2.050000
v 0.473437 0.640000 -2.050000
v -0.473437 0.640000 -2.050000
v -0.510000 0.676562 -2.050000
v -0.473437 0.640000 -1.950000
v -0.510000 0.676562 -1.950000
v 0.473437 0.640000 -1.950000
v 0.510000 0.676562 -1.950000
v 0.510000 0.823437 -1.950000
v 0.473437 0.860000 -1.950000
v -0.473437 0.860000 -1.950000
v -0.510000 0.823437 -1.950000
v 0.450000 0.000000 -2.030000
v 0.420000 0.000000 -2.000000
v 0.450000 0.000000 -1.970000
v 0.480000 0.000000 -2.000000
v 0.450000 1.924740 -2.030000
v 0.420000 1.924740 -2.000000
v 0.450000 1.924740 -1.970000
v 0.480000 1.924740 -2.000000
v -0.550000 1.840006 -1.950000
v -0.490006 1.900000 -1.950000
v -0.550000 1.840006 -2.050000
v -0.490006 1.900000 -2.050000
v 0.490006 1.900000 -1.950000
v 0.550000 1.840006 -1.950000
v 0.550000 1.840006 -2.050000
v 0.490006 1.900000 -2.050000
v -0.490006 1.600000 -1.950000
v -0.550000 1.659994 -1.950000
v -0.550000 1.659994 -2.050000
v -0.490006 1.600000 -2.050000
v 0.550000 1.659994 -1.950000
v 0.490006 1.600000 -1.950000
v 0.490006 1.600000 -2.050000
v 0.550000 1.659994 -2.050000
v -0.473437 1.860000 -2.050000
v -0.510000 1.823437 -2.050000
v 0.473437 1.860000 -2.050000
v 0.510000 1.823437 -2.050000
v 0.510000 1.676563 -2.050000
v 0.473437 1.640000 -2.050000
v -0.473437 1.640000 -2.050000
v -0.510000 1.676563 -2.050000
v -0.473437 1.640000 -1.950000
v -0.510000 1.676563 -1.950000
v 0.473437 1.640000 -1.950000
v 0.510000 1.676563 -1.950000
v 0.510000 1.823437 -1.950000
v 0.473437 1.860000 -1.950000
v -0.473437 1.860000 -1.950000
v -0.510000 1.823437 -1.950000
v -0.550000 1.340006 -1.950000
v -0.490006 1.400000 -1.950000
v -0.550000 1.340006 -2.050000
v -0.490006 1.400000 -2.050000
v 0.490006 1.400000 -1.950000
v 0.550000 1.340006 -1.950000
v 0.550000 1.340006 -2.050000
v 0.490006 1.400000 -2.050000
v -0.490006 1.100000 -1.950000
v -0.550000 1.159994 -1.950000
v -0.550000 1.159994 -2.050000
v -0.490006 1.100000 -2.050000
v 0.550000 1.159994 -1.950000
v 0.490006 1.100000 -1.950000
v 0.490006 1.100000 -2.050000
v 0.550000 1.159994 -2.050000
v -0.473437 1.360000 -2.050000
v -0.510000 1.323437 -2.050000
v 0.473437 1.360000 -2.050000
v 0.510000 1.323437 -2.050000
v 0.510000 1.176563 -2.050000
v 0.473437 1.140000 -2.050000
v -0.473437 1.140000 -2.050000
v -0.510000 1.176563 -2.050000
v -0.473437 1.140000 -1.950000
v -0.510000 1.176563 -1.950000
v 0.473437 1.140000 -1.950000
v 0.510000 1.176563 -1.950000
v 0.510000 1.323437 -1.950000
v 0.473437 1.360000 -1.950000
v -0.473437 1.360000 -1.950000
v -0.510000 1.323437 -1.950000
vt 0.980469 0.366145
vt 0.962399 0.366147
vt 0.962440 0.639393
vt 0.980510 0.639390
vt 0.968422 0.366147
vt 0.968464 0.639392
vt 0.974446 0.366146
vt 0.974487 0.639391
vt 0.956376 0.366148
vt 0.968464 0.645415
vt 0.962441 0.645416
vt 0.956417 0.639394
vt 0.732690 0.768902
vt 0.745056 0.752684
vt 0.944220 0.750853
vt 0.957234 0.768884
vt 0.745373 0.689989
vt 0.732439 0.671887
vt 0.956458 0.671942
vt 0.944114 0.688205
vt 0.952876 0.701573
vt 0.969180 0.694847
vt 0.968000 0.743803
vt 0.953938 0.738835
vt 0.721507 0.696825
vt 0.735518 0.701954
vt 0.736332 0.739251
vt 0.719949 0.745851
vt 0.677948 0.770238
vt 0.677948 0.725312
vt 0.685415 0.732778
vt 0.685415 0.762771
vt 0.719355 0.761603
vt 0.713046 0.744716
vt 0.953404 0.777716
vt 0.736479 0.777731
vt 0.975586 0.743276
vt 0.970806 0.761061
vt 0.976094 0.695902
vt 0.969782 0.679130
vt 0.736278 0.663057
vt 0.952697 0.663112
vt 0.713926 0.697234
vt 0.718857 0.679511
vt 0.749140 0.698235
vt 0.742132 0.705848
vt 0.940437 0.696654
vt 0.946535 0.704670
vt 0.947273 0.735015
vt 0.940357 0.742622
vt 0.748794 0.744243
vt 0.742709 0.736194
vt 0.477122 0.732778
vt 0.484588 0.725312
vt 0.484588 0.770238
vt 0.477122 0.762772
vt 0.956376 0.366148
vt 0.962399 0.366147
vt 0.962440 0.639393
vt 0.956417 0.639394
vt 0.968422 0.366147
vt 0.968464 0.639392
vt 0.974446 0.366146
vt 0.974487 0.639391
vt 0.980469 0.366145
vt 0.980510 0.639390
vt 0.968464 0.645415
vt 0.962441 0.645416
vt 0.732690 0.768902
vt 0.745056 0.752684
vt 0.944220 0.750853
vt 0.957234 0.768884
vt 0.745373 0.689989
vt 0.732439 0.671887
vt 0.956458 0.671942
vt 0.944114 0.688205
vt 0.952876 0.701573
vt 0.969180 0.694847
vt 0.968000 0.743803
vt 0.953938 0.738835
vt 0.721507 0.696825
vt 0.735518 0.701954
vt 0.736332 0.739251
vt 0.719949 0.745851
vt 0.677948 0.770238
vt 0.677948 0.725312
vt 0.685414 0.732778
vt 0.685414 0.762772
vt 0.719355 0.761603
vt 0.713046 0.744716
vt 0.953404 0.777716
vt 0.736479 0.777731
vt 0.975586 0.743275
vt 0.970806 0.761061
vt 0.976094 0.695902
vt 0.969782 0.679130
vt 0.736278 0.663057
vt 0.952697 0.663112
vt 0.713926 0.697234
vt 0.718857 0.679511
vt 0.749140 0.698235
vt 0.742131 0.705848
vt 0.940437 0.696654
vt 0.946535 0.704670
vt 0.947273 0.735015
vt 0.940357 0.742622
vt 0.748794 0.744243
vt 0.742709 0.736194
vt 0.477122 0.732778
vt 0.484588 0.725312
vt 0.484588 0.770238
vt 0.477122 0.762772
vt 0.732690 0.768902
vt 0.745056 0.752684
vt 0.944220 0.750853
vt 0.957234 0.768884
vt 0.745373 0.689989
vt 0.732439 0.671887
vt 0.956458 0.671942
vt 0.944114 0.688205
vt 0.952876 0.701573
vt 0.969180 0.694847
vt 0.968000 0.743803
vt 0.953938 0.738835
vt 0.721507 0.696825
vt 0.735518 0.701954
vt 0.736332 0.739251
vt 0.719949 0.745851
vt 0.677948 0.770238
vt 0.677948 0.725312
vt 0.685415 0.732778
vt 0.685415 0.762772
vt 0.719355 0.761603
vt 0.713046 0.744716
vt 0.953404 0.777716
vt 0.736479 0.777731
vt 0.975586 0.743275
vt 0.970806 0.761061
vt 0.976094 0.695902
vt 0.969782 0.679130
vt 0.736278 0.663057
vt 0.952697 0.663112
vt 0.713926 0.697234
vt 0.718857 0.679511
vt 0.749140 0.698235
vt 0.742131 0.705848
vt 0.940437 0.696654
vt 0.946535 0.704670
vt 0.947273 0.735015
vt 0.940357 0.742622
vt 0.748794 0.744243
vt 0.742709 0.736194
vt 0.477122 0.732778
vt 0.484588 0.725312
vt 0.484588 0.770238
vt 0.477122 0.762772
vn -0.707107 0.000000 -0.707107
vn -0.707107 0.000000 -0.707107
vn -0.707107 0.000000 -0.707107
vn -0.707107 0.000000 -0.707107
vn -0.707107 0.000000 0.707107
vn -0.707107 0.000000 0.707107
vn -0.707107 0.000000 0.707107
vn -0.707107 0.000000 0.707107
vn 0.707107 0.000000 0.707107
vn 0.707107 0.000000 0.707107
vn 0.707107 0.000000 0.707107
vn 0.707107 0.000000 0.707107
vn 0.707107 0.000000 -0.707107
vn 0.707107 0.000000 -0.707107
vn 0.707107 0.000000 -0.707107
vn 0.707107 0.000000 -0.707107
vn 0.000000 1.000000 0.000000
vn 0.000000 1.000000 0.000000
vn 0.000000 1.000000 0.000000
vn 0.000000 1.000000 0.000000
vn 0.000000 1.000000 0.000000
vn 0.000000 1.000000 0.000000
vn 0.000000 1.000000 0.000000
vn 0.000000 1.000000 0.000000
vn 0.000000 -1.000000 0.000000
vn 0.000000 -1.000000 0.000000
vn 0.000000 -1.000000 0.000000
vn 0.000000 -1.000000 0.000000
vn 1.000000 0.000000 0.000000
vn 1.000000 0.000000 0.000000
vn 1.000000 0.000000 0.000000
vn 1.000000 0.000000 0.000000
vn -1.000000 0.000000 0.000000
vn -1.000000 0.000000 0.000000
vn -1.000000 0.000000 0.000000
vn -1.000000 0.000000 0.000000
vn 0.000000 0.000000 1.000000
vn 0.000000 0.000000 1.000000
vn 0.000000 0.000000 1.000000
vn 0.000000 0.000000 1.000000
vn -0.707107 0.707107 0.000000
vn -0.707107 0.707107 0.000000
vn -0.707107 0.707107 0.000000
vn -0.707107 0.707107 0.000000
vn 0.707107 0.707107 0.000000
vn 0.707107 0.707107 0.000000
vn 0.707107 0.707107 0.000000
vn 0.707107 0.707107 0.000000
vn -0.707107 -0.707107 0.000000
vn -0.707107 -0.707107 0.000000
vn -0.707107 -0.707107 0.000000
vn -0.707107 -0.707107 0.000000
vn 0.707107 -0.707107 0.000000
vn 0.707107 -0.707107 0.000000
vn 0.707107 -0.707107 0.000000
vn 0.707107 -0.707107 0.000000
vn -0.000000 0.000000 -1.000000
vn 0.000000 0.000000 -1.000000
vn 0.000000 0.000000 -1.000000
vn -0.000000 0.000000 -1.000000
vn -0.000000 0.000000 -1.000000
vn -0.000000 0.000000 -1.000000
vn 0.000000 0.000000 -1.000000
vn 0.000000 0.000000 -1.000000
vn 0.000000 0.000000 -1.000000
vn 0.000000 0.000000 -1.000000
vn -0.000000 0.000000 -1.000000
vn -0.000000 0.000000 -1.000000
vn 0.000000 0.000000 -1.000000
vn 0.000000 0.000000 -1.000000
vn -0.000000 0.000000 -1.000000
vn -0.000000 0.000000 -1.000000
vn -0.000000 0.000000 1.000000
vn 0.000000 0.000000 1.000000
vn -0.000000 0.000000 1.000000
vn -0.000000 0.000000 1.000000
vn -0.000000 0.000000 1.000000
vn 0.000000 0.000000 1.000000
vn 0.000000 0.000000 1.000000
vn -0.000000 0.000000 1.000000
vn 0.000000 0.000000 1.000000
vn -0.000000 0.000000 1.000000
vn -0.000000 0.000000 1.000000
vn -0.000000 0.000000 1.000000
vn -0.707107 0.000000 -0.707107
vn -0.707107 0.000000 -0.707107
vn -0.707107 0.000000 -0.707107
vn -0.707107 0.000000 -0.707107
vn -0.707107 0.000000 0.707107
vn -0.707107 0.000000 0.707107
vn -0.707107 0.000000 0.707107
vn -0.707107 0.000000 0.707107
vn 0.707107 0.000000 0.707107
vn 0.707107 0.000000 0.707107
vn 0.707107 0.000000 0.707107
vn 0.707107 0.000000 0.707107
vn 0.707107 0.000000 -0.707107
vn 0.707107 0.000000 -0.707107
vn 0.707107 0.000000 -0.707107
vn 0.707107 0.000000 -0.707107
vn 0.000000 1.000000 0.000000
vn 0.000000 1.000000 0.000000
vn 0.000000 1.000000 0.000000
vn 0.000000 1.000000 0.000000
vn 0.000000 1.000000 0.000000
vn 0.000000 1.000000 0.000000
vn 0.000000 1.000000 0.000000
vn 0.000000 1.000000 0.000000
vn 0.000000 -1.000000 0.000000
vn 0.000000 -1.000000 0.000000
vn 0.000000 -1.000000 0.000000
vn 0.000000 -1.000000 0.000000
vn 1.000000 0.000000 0.000000
vn 1.000000 0.000000 0.000000
vn 1.000000 0.000000 0.000000
vn 1.000000 0.000000 0.000000
vn -1.000000 0.000000 0.000000
vn -1.000000 0.000000 0.000000
vn -1.000000 0.000000 0.000000
vn -1.000000 0.000000 0.000000
vn -0.000000 0.000000 1.000000
vn -0.000000 0.000000 1.000000
vn -0.000000 0.000000 1.000000
vn -0.000000 0.000000 1.000000
vn -0.707107 0.707107 0.000000
vn -0.707107 0.707107 0.000000
vn -0.707107 0.707107 0.000000
vn -0.707107 0.707107 0.000000
vn 0.707107 0.707107 0.000000
vn 0.707107 0.707107 0.000000
vn 0.707107 0.707107 0.000000
vn 0.707107 0.707107 0.000000
vn -0.707107 -0.707107 0.000000
vn -0.707107 -0.707107 0.000000
vn -0.707107 -0.707107 0.000000
vn -0.707107 -0.707107 0.000000
vn 0.707107 -0.707107 0.000000
vn 0.707107 -0.707107 0.000000
vn 0.707107 -0.707107 0.000000
vn 0.707107 -0.707107 0.000000
vn 0.000000 0.000000 -1.000000
vn 0.000000 0.000000 -1.000000
vn 0.000000 0.000000 -1.000000
vn 0.000000 0.000000 -1.000000
vn 0.000000 0.000000 -1.000000
vn 0.000000 0.000000 -1.000000
vn -0.000000 0.000000 -1.000000
vn -0.000000 0.000000 -1.000000
vn -0.000000 0.000000 -1.000000
vn -0.000000 0.000000 -1.000000
vn -0.000000 0.000000 -1.000000
vn -0.000000 0.000000 -1.000000
vn 0.000000 0.000000 -1.000000
vn 0.000000 0.000000 -1.000000
vn 0.000000 0.000000 -1.000000
vn 0.000000 0.000000 -1.000000
vn 0.000000 0.000000 1.000000
vn 0.000000 0.000000 1.000000
vn 0.000000 0.000000 1.000000
vn 0.000000 0.000000 1.000000
vn 0.000000 0.000000 1.000000
vn -0.000000 0.000000 1.000000
vn -0.000000 0.000000 1.000000
vn -0.000000 0.000000 1.000000
vn 0.000000 0.000000 1.000000
vn 0.000000 0.000000 1.000000
vn 0.000000 0.000000 1.000000
vn 0.000000 0.000000 1.000000
vn 0.000000 1.000000 0.000000
vn 0.000000 1.000000 0.000000
vn 0.000000 1.000000 0.000000
vn 0.000000 1.000000 0.000000
vn 0.000000 -1.000000 0.000000
vn 0.000000 -1.000000 0.000000
vn 0.000000 -1.000000 0.000000
vn 0.000000 -1.000000 0.000000
vn 1.000000 0.000000 0.000000
vn 1.000000 0.000000 0.000000
vn 1.000000 0.000000 0.000000
vn 1.000000 0.000000 0.000000
vn -1.000000 0.000000 0.000000
vn -1.000000 0.000000 0.000000
vn -1.000000 0.000000 0.000000
vn -1.000000 0.000000 0.000000
vn -0.000000 0.000000 1.000000
vn -0.000000 0.000000 1.000000
vn -0.000000 0.000000 1.000000
vn -0.000000 0.000000 1.000000
vn -0.707107 0.707107 0.000000
vn -0.707107 0.707107 0.000000
vn -0.707107 0.707107 0.000000
vn -0.707107 0.707107 0.000000
vn 0.707107 0.707107 0.000000
vn 0.707107 0.707107 0.000000
vn 0.707107 0.707107 0.000000
vn 0.707107 0.707107 0.000000
vn -0.707107 -0.707107 0.000000
vn -0.707107 -0.707107 0.000000
vn -0.707107 -0.707107 0.000000
vn -0.707107 -0.707107 0.000000
vn 0.707107 -0.707107 0.000000
vn 0.707107 -0.707107 0.000000
vn 0.707107 -0.707107 0.000000
vn 0.707107 -0.707107 0.000000
vn 0.000000 0.000000 -1.000000
vn 0.000000 0.000000 -1.000000
vn 0.000000 0.000000 -1.000000
vn 0.000000 0.000000 -1.000000
vn 0.000000 0.000000 -1.000000
vn 0.000000 0.000000 -1.000000
vn -0.000000 0.000000 -1.000000
vn -0.000000 0.000000 -1.000000
vn -0.000000 0.000000 -1.000000
vn -0.000000 0.000000 -1.000000
vn -0.000000 0.000000 -1.000000
vn -0.000000 0.000000 -1.000000
vn 0.000000 0.000000 -1.000000
vn 0.000000 0.000000 -1.000000
vn 0.000000 0.000000 -1.000000
vn 0.000000 0.000000 -1.000000
vn 0.000000 0.000000 1.000000
vn 0.000000 0.000000 1.000000
vn 0.000000 0.000000 1.000000
vn 0.000000 0.000000 1.000000
vn 0.000000 0.000000 1.000000
vn -0.000000 0.000000 1.000000
vn -0.000000 0.000000 1.000000
vn -0.000000 0.000000 1.000000
vn 0.000000 0.000000 1.000000
vn 0.000000 0.000000 1.000000
vn 0.000000 0.000000 1.000000
vn 0.000000 0.000000 1.000000
s off
g decor1 Mini_Panneau_1x2
usemtl initialShadingGroup
f 449/752/1293 450/745/1294 454/746/1295 453/755/1296
f 450/745/1297 451/748/1298 455/749/1299 454/746/1300
f 451/748/1301 452/750/1302 456/751/1303 455/749/1304
f 452/750/1305 449/744/1306 453/747/1307 456/751/1308
f 454/746/1309 455/749/1310 456/753/1311 453/754/1312
f 460/756/1313 458/757/1314 461/758/1315 464/759/1316
f 465/760/1317 468/761/1318 471/762/1319 470/763/1320
f 469/764/1321 472/765/1322 463/766/1323 462/767/1324
f 467/768/1325 466/769/1326 457/770/1327 459/771/1328
s 1
f 486/772/1329 483/773/1330 484/774/1331 485/775/1332
s off
f 457/770/1333 458/757/1334 460/756/1335 459/771/1336
f 461/758/1337 462/767/1338 463/766/1339 464/759/1340
f 465/760/1341 466/769/1342 467/768/1343 468/761/1344
f 469/764/1345 470/763/1346 471/762/1347 472/765/1348
s 2
f 459/771/1349 460/756/1350 473/776/1351 474/777/1352
f 460/756/1350 464/759/1353 475/778/1354 473/779/1351
f 464/759/1353 463/766/1355 476/780/1356 475/781/1354
f 463/766/1355 472/765/1357 477/782/1358 476/780/1356
f 472/765/1357 471/762/1359 478/783/1360 477/782/1358
f 471/762/1359 468/761/1361 479/784/1362 478/785/1360
f 468/761/1361 467/768/1363 480/786/1364 479/787/1362
f 467/768/1363 459/771/1349 474/777/1352 480/786/1364
s 1
f 466/769/1365 465/760/1366 481/788/1367 482/789/1368
f 465/760/1366 470/763/1369 483/790/1330 481/788/1367
f 470/763/1369 469/764/1370 484/791/1331 483/790/1330
f 469/764/1370 462/767/1371 485/792/1332 484/791/1331
f 462/767/1371 461/758/1372 486/793/1329 485/792/1332
f 461/758/1372 458/757/1373 487/794/1374 486/793/1329
f 458/757/1373 457/770/1375 488/795/1376 487/794/1374
f 457/770/1375 466/769/1365 482/789/1368 488/795/1376
f 482/796/1368 481/797/1367 487/798/1374 488/799/1376
f 487/798/1374 481/797/1367 483/773/1330 486/772/1329
s off
f 489/800/1377 490/801/1378 494/802/1379 493/803/1380
f 490/801/1381 491/804/1382 495/805/1383 494/802/1384
f 491/804/1385 492/806/1386 496/807/1387 495/805/1388
f 492/806/1389 489/808/1390 493/809/1391 496/807/1392
f 494/802/1393 495/805/1394 496/810/1395 493/811/1396
f 500/812/1397 498/813/1398 501/814/1399 504/815/1400
f 505/816/1401 508/817/1402 511/818/1403 510/819/1404
f 509/820/1405 512/821/1406 503/822/1407 502/823/1408
f 507/824/1409 506/825/1410 497/826/1411 499/827/1412
s 4
f 526/828/1413 523/829/1414 524/830/1415 525/831/1416
s off
f 497/826/1417 498/813/1418 500/812/1419 499/827/1420
f 501/814/1421 502/823/1422 503/822/1423 504/815/1424
f 505/816/1425 506/825/1426 507/824/1427 508/817/1428
f 509/820/1429 510/819/1430 511/818/1431 512/821/1432
s 5
f 499/827/1433 500/812/1434 513/832/1435 514/833/1436
f 500/812/1434 504/815/1437 515/834/1438 513/835/1435
f 504/815/1437 503/822/1439 516/836/1440 515/837/1438
f 503/822/1439 512/821/1441 517/838/1442 516/836/1440
f 512/821/1441 511/818/1443 518/839/1444 517/838/1442
f 511/818/1443 508/817/1445 519/840/1446 518/841/1444
f 508/817/1445 507/824/1447 520/842/1448 519/843/1446
f 507/824/1447 499/827/1433 514/833/1436 520/842/1448
s 4
f 506/825/1449 505/816/1450 521/844/1451 522/845/1452
f 505/816/1450 510/819/1453 523/846/1414 521/844/1451
f 510/819/1453 509/820/1454 524/847/1415 523/846/1414
f 509/820/1454 502/823/1455 525/848/1416 524/847/1415
f 502/823/1455 501/814/1456 526/849/1413 525/848/1416
f 501/814/1456 498/813/1457 527/850/1458 526/849/1413
f 498/813/1457 497/826/1459 528/851/1460 527/850/1458
f 497/826/1459 506/825/1449 522/845/1452 528/851/1460
f 522/852/1452 521/853/1451 527/854/1458 528/855/1460
f 527/854/1458 521/853/1451 523/829/1414 526/828/1413
s off
f 532/856/1461 530/857/1462 533/858/1463 536/859/1464
f 537/860/1465 540/861/1466 543/862/1467 542/863/1468
f 541/864/1469 544/865/1470 535/866/1471 534/867/1472
f 539/868/1473 538/869/1474 529/870/1475 531/871/1476
s 7
f 558/872/1477 555/873/1478 556/874/1479 557/875/1480
s off
f 529/870/1481 530/857/1482 532/856/1483 531/871/1484
f 533/858/1485 534/867/1486 535/866/1487 536/859/1488
f 537/860/1489 538/869/1490 539/868/1491 540/861/1492
f 541/864/1493 542/863/1494 543/862/1495 544/865/1496
s 8
f 531/871/1497 532/856/1498 545/876/1499 546/877/1500
f 532/856/1498 536/859/1501 547/878/1502 545/879/1499
f 536/859/1501 535/866/1503 548/880/1504 547/881/1502
f 535/866/1503 544/865/1505 549/882/1506 548/880/1504
f 544/865/1505 543/862/1507 550/883/1508 549/882/1506
f 543/862/1507 540/861/1509 551/884/1510 550/885/1508
f 540/861/1509 539/868/1511 552/886/1512 551/887/1510
f 539/868/1511 531/871/1497 546/877/1500 552/886/1512
s 7
f 538/869/1513 537/860/1514 553/888/1515 554/889/1516
f 537/860/1514 542/863/1517 555/890/1478 553/888/1515
f 542/863/1517 541/864/1518 556/891/1479 555/890/1478
f 541/864/1518 534/867/1519 557/892/1480 556/891/1479
f 534/867/1519 533/858/1520 558/893/1477 557/892/1480
f 533/858/1520 530/857/1521 559/894/1522 558/893/1477
f 530/857/1521 529/870/1523 560/895/1524 559/894/1522
f 529/870/1523 538/869/1513 554/889/1516 560/895/1524
f 554/896/1516 553/897/1515 559/898/1522 560/899/1524
f 559/898/1522 553/897/1515 555/873/1478 558/872/1477
g default
v 3.550000 0.000000 -2.030000
v 3.520000 0.000000 -2.000000
v 3.550000 0.000000 -1.970000
v 3.580000 0.000000 -2.000000
v 3.550000 1.924740 -2.030000
v 3.520000 1.924740 -2.000000
v 3.550000 1.924740 -1.970000
v 3.580000 1.924740 -2.000000
v 4.450000 0.000000 -2.030000
v 4.420000 0.000000 -2.000000
v 4.450000 0.000000 -1.970000
v 4.480000 0.000000 -2.000000
v 4.450000 1.924740 -2.030000
v 4.420000 1.924740 -2.000000
v 4.450000 1.924740 -1.970000
v 4.480000 1.924740 -2.000000
v 2.450000 0.840006 -1.950000
v 2.509994 0.900000 -1.950000
v 2.450000 0.840006 -2.050000
v 2.509994 0.900000 -2.050000
v 5.490006 0.900000 -1.950000
v 5.550000 0.840006 -1.950000
v 5.550000 0.840006 -2.050000
v 5.490006 0.900000 -2.050000
v 2.509994 0.600000 -1.950000
v 2.450000 0.659994 -1.950000
v 2.450000 0.659994 -2.050000
v 2.509994 0.600000 -2.050000
v 5.550000 0.659994 -1.950000
v 5.490006 0.600000 -1.950000
v 5.490006 0.600000 -2.050000
v 5.550000 0.659994 -2.050000
v 2.526563 0.860000 -2.050000
v 2.490000 0.823437 -2.050000
v 5.473438 0.860000 -2.050000
v 5.510000 0.823437 -2.050000
v 5.510000 0.676562 -2.050000
v 5.473438 0.640000 -2.050000
v 2.526563 0.640000 -2.050000
v 2.490000 0.676562 -2.050000
v 2.526563 0.640000 -1.950000
v 2.490000 0.676562 -1.950000
v 5.473438 0.640000 -1.950000
v 5.510000 0.676562 -1.950000
v 5.510000 0.823437 -1.950000
v 5.473438 0.860000 -1.950000
v 2.526563 0.860000 -1.950000
v 2.490000 0.823437 -1.950000
v 2.450000 1.840006 -1.950000
v 2.509994 1.900000 -1.950000
v 2.450000 1.840006 -2.050000
v 2.509994 1.900000 -2.050000
v 5.490006 1.900000 -1.950000
v 5.550000 1.840006 -1.950000
v 5.550000 1.840006 -2.050000
v 5.490006 1.900000 -2.050000
v 2.509994 1.600000 -1.950000
v 2.450000 1.659994 -1.950000
v 2.450000 1.659994 -2.050000
v 2.509994 1.600000 -2.050000
v 5.550000 1.659994 -1.950000
v 5.490006 1.600000 -1.950000
v 5.490006 1.600000 -2.050000
v 5.550000 1.659994 -2.050000
v 2.526563 1.860000 -2.050000
v 2.490000 1.823437 -2.050000
v 5.473438 1.860000 -2.050000
v 5.510000 1.823437 -2.050000
v 5.510000 1.676563 -2.050000
v 5.473438 1.640000 -2.050000
v 2.526563 1.640000 -2.050000
v 2.490000 1.676563 -2.050000
v 2.526563 1.640000 -1.950000
v 2.490000 1.676563 -1.950000
v 5.473438 1.640000 -1.950000
v 5.510000 1.676563 -1.950000
v 5.510000 1.823437 -1.950000
v 5.473438 1.860000 -1.950000
v 2.526563 1.860000 -1.950000
v 2.490000 1.823437 -1.950000
v 2.450000 1.340006 -1.950000
v 2.509994 1.400000 -1.950000
v 2.450000 1.340006 -2.050000
v 2.509994 1.400000 -2.050000
v 5.490006 1.400000 -1.950000
v 5.550000 1.340006 -1.950000
v 5.550000 1.340006 -2.050000
v 5.490006 1.400000 -2.050000
v 2.509994 1.100000 -1.950000
v 2.450000 1.159994 -1.950000
v 2.450000 1.159994 -2.050000
v 2.509994 1.100000 -2.050000
v 5.550000 1.159994 -1.950000
v 5.490006 1.100000 -1.950000
v 5.490006 1.100000 -2.050000
v 5.550000 1.159994 -2.050000
v 2.526563 1.360000 -2.050000
v 2.490000 1.323437 -2.050000
v 5.473438 1.360000 -2.050000
v 5.510000 1.323437 -2.050000
v 5.510000 1.176563 -2.050000
v 5.473438 1.140000 -2.050000
v 2.526563 1.140000 -2.050000
v 2.490000 1.176563 -2.050000
v 2.526563 1.140000 -1.950000
v 2.490000 1.176563 -1.950000
v 5.473438 1.140000 -1.950000
v 5.510000 1.176563 -1.950000
v 5.510000 1.323437 -1.950000
v 5.473438 1.360000 -1.950000
v 2.526563 1.360000 -1.950000
v 2.490000 1.323437 -1.950000
vt 0.980469 0.366145
vt 0.962399 0.366147
vt 0.962440 0.639393
vt 0.980510 0.639390
vt 0.968422 0.366147
vt 0.968464 0.639392
vt 0.974445 0.366146
vt 0.974487 0.639391
vt 0.956376 0.366148
vt 0.968464 0.645415
vt 0.962441 0.645416
vt 0.956417 0.639394
vt 0.956376 0.366148
vt 0.962399 0.366147
vt 0.962440 0.639393
vt 0.956417 0.639394
vt 0.968422 0.366147
vt 0.968464 0.639392
vt 0.974445 0.366146
vt 0.974487 0.639391
vt 0.980469 0.366145
vt 0.980510 0.639390
vt 0.968464 0.645415
vt 0.962441 0.645416
vt 0.334946 0.908969
vt 0.346799 0.891497
vt 0.955841 0.890676
vt 0.967718 0.908956
vt 0.347017 0.827719
vt 0.335161 0.809425
vt 0.967745 0.809420
vt 0.955906 0.826905
vt 0.964492 0.840406
vt 0.980382 0.833592
vt 0.978899 0.883393
vt 0.965467 0.878263
vt 0.323924 0.834931
vt 0.337341 0.840111
vt 0.338228 0.877974
vt 0.322308 0.884747
vt 0.975438 0.977363
vt 0.975434 0.932438
vt 0.982901 0.939903
vt 0.982904 0.969896
vt 0.321708 0.900967
vt 0.315520 0.883516
vt 0.964274 0.917655
vt 0.338533 0.917669
vt 0.986307 0.882946
vt 0.981255 0.900966
vt 0.987173 0.834798
vt 0.980983 0.817387
vt 0.338606 0.800727
vt 0.964162 0.800720
vt 0.316518 0.835339
vt 0.321619 0.817346
vt 0.350709 0.836196
vt 0.343597 0.843955
vt 0.952372 0.835425
vt 0.958338 0.843571
vt 0.959193 0.874445
vt 0.952117 0.882202
vt 0.350357 0.882978
vt 0.344395 0.874823
vt 0.366191 0.939951
vt 0.373657 0.932484
vt 0.373660 0.977410
vt 0.366193 0.969944
vt 0.334946 0.908969
vt 0.346799 0.891497
vt 0.955841 0.890676
vt 0.967718 0.908956
vt 0.347017 0.827719
vt 0.335161 0.809425
vt 0.967745 0.809420
vt 0.955906 0.826905
vt 0.964492 0.840406
vt 0.980382 0.833592
vt 0.978899 0.883393
vt 0.965467 0.878263
vt 0.323924 0.834931
vt 0.337341 0.840111
vt 0.338228 0.877974
vt 0.322308 0.884747
vt 0.975438 0.977363
vt 0.975434 0.932437
vt 0.982901 0.939903
vt 0.982904 0.969896
vt 0.321708 0.900967
vt 0.315521 0.883516
vt 0.964274 0.917654
vt 0.338533 0.917669
vt 0.986307 0.882946
vt 0.981256 0.900966
vt 0.987173 0.834798
vt 0.980983 0.817387
vt 0.338606 0.800727
vt 0.964162 0.800720
vt 0.316518 0.835339
vt 0.321619 0.817346
vt 0.350709 0.836196
vt 0.343597 0.843955
vt 0.952372 0.835425
vt 0.958338 0.843571
vt 0.959193 0.874445
vt 0.952117 0.882202
vt 0.350357 0.882978
vt 0.344395 0.874823
vt 0.366191 0.939951
vt 0.373657 0.932484
vt 0.373660 0.977410
vt 0.366193 0.969944
vt 0.334946 0.908969
vt 0.346799 0.891497
vt 0.955841 0.890676
vt 0.967718 0.908956
vt 0.347017 0.827719
vt 0.335161 0.809425
vt 0.967745 0.809420
vt 0.955906 0.826905
vt 0.964492 0.840406
vt 0.980382 0.833592
vt 0.978899 0.883393
vt 0.965467 0.878263
vt 0.323924 0.834930
vt 0.337341 0.840111
vt 0.338228 0.877974
vt 0.322308 0.884747
vt 0.975438 0.977363
vt 0.975434 0.932437
vt 0.982901 0.939903
vt 0.982904 0.969896
vt 0.321708 0.900967
vt 0.315521 0.883516
vt 0.964274 0.917655
vt 0.338533 0.917669
vt 0.986307 0.882946
vt 0.981255 0.900966
vt 0.987173 0.834798
vt 0.980983 0.817387
vt 0.338606 0.800727
vt 0.964162 0.800720
vt 0.316518 0.835339
vt 0.321619 0.817346
vt 0.350709 0.836196
vt 0.343597 0.843954
vt 0.952372 0.835425
vt 0.958338 0.843571
vt 0.959193 0.874445
vt 0.952117 0.882202
vt 0.350357 0.882978
vt 0.344395 0.874823
vt 0.366191 0.939951
vt 0.373657 0.932484
vt 0.373660 0.977410
vt 0.366193 0.969944
vn -0.707107 0.000000 -0.707107
vn -0.707107 0.000000 -0.707107
vn -0.707107 0.000000 -0.707107
vn -0.707107 0.000000 -0.707107
vn -0.707107 0.000000 0.707107
vn -0.707107 0.000000 0.707107
vn -0.707107 0.000000 0.707107
vn -0.707107 0.000000 0.707107
vn 0.707107 0.000000 0.707107
vn 0.707107 0.000000 0.707107
vn 0.707107 0.000000 0.707107
vn 0.707107 0.000000 0.707107
vn 0.707107 0.000000 -0.707107
vn 0.707107 0.000000 -0.707107
vn 0.707107 0.000000 -0.707107
vn 0.707107 0.000000 -0.707107
vn 0.000000 1.000000 0.000000
vn 0.000000 1.000000 0.000000
vn 0.000000 1.000000 0.000000
vn 0.000000 1.000000 0.000000
vn -0.707107 0.000000 -0.707107
vn -0.707107 0.000000 -0.707107
vn -0.707107 0.000000 -0.707107
vn -0.707107 0.000000 -0.707107
vn -0.707107 0.000000 0.707107
vn -0.707107 0.000000 0.707107
vn -0.707107 0.000000 0.707107
vn -0.707107 0.000000 0.707107
vn 0.707107 0.000000 0.707107
vn 0.707107 0.000000 0.707107
vn 0.707107 0.000000 0.707107
vn 0.707107 0.000000 0.707107
vn 0.707107 0.000000 -0.707107
vn 0.707107 0.000000 -0.707107
vn 0.707107 0.000000 -0.707107
vn 0.707107 0.000000 -0.707107
vn 0.000000 1.000000 0.000000
vn 0.000000 1.000000 0.000000
vn 0.000000 1.000000 0.000000
vn 0.000000 1.000000 0.000000
vn 0.000000 1.000000 0.000000
vn 0.000000 1.000000 0.000000
vn 0.000000 1.000000 0.000000
vn 0.000000 1.000000 0.000000
vn 0.000000 -1.000000 0.000000
vn 0.000000 -1.000000 0.000000
vn 0.000000 -1.000000 0.000000
vn 0.000000 -1.000000 0.000000
vn 1.000000 0.000000 0.000000
vn 1.000000 0.000000 0.000000
vn 1.000000 0.000000 0.000000
vn 1.000000 0.000000 0.000000
vn -1.000000 0.000000 0.000000
vn -1.000000 0.000000 0.000000
vn -1.000000 0.000000 0.000000
vn -1.000000 0.000000 0.000000
vn 0.000000 0.000000 1.000000
vn 0.000000 0.000000 1.000000
vn 0.000000 0.000000 1.000000
vn 0.000000 0.000000 1.000000
vn -0.707107 0.707107 0.000000
vn -0.707107 0.707107 0.000000
vn -0.707107 0.707107 0.000000
vn -0.707107 0.707107 0.000000
vn 0.707108 0.707106 0.000000
vn 0.707108 0.707106 0.000000
vn 0.707108 0.707106 0.000000
vn 0.707108 0.707106 0.000000
vn -0.707107 -0.707107 0.000000
vn -0.707107 -0.707107 0.000000
vn -0.707107 -0.707107 0.000000
vn -0.707107 -0.707107 0.000000
vn 0.707108 -0.707106 0.000000
vn 0.707108 -0.707106 0.000000
vn 0.707108 -0.707106 0.000000
vn 0.707108 -0.707106 0.000000
vn -0.000000 0.000000 -1.000000
vn 0.000000 0.000000 -1.000000
vn 0.000000 0.000000 -1.000000
vn -0.000000 0.000000 -1.000000
vn -0.000000 0.000000 -1.000000
vn -0.000000 0.000000 -1.000000
vn 0.000000 0.000000 -1.000000
vn 0.000000 0.000000 -1.000000
vn 0.000000 0.000000 -1.000000
vn 0.000000 0.000000 -1.000000
vn -0.000000 0.000000 -1.000000
vn -0.000000 0.000000 -1.000000
vn 0.000000 0.000000 -1.000000
vn 0.000000 0.000000 -1.000000
vn -0.000000 0.000000 -1.000000
vn -0.000000 0.000000 -1.000000
vn -0.000000 0.000000 1.000000
vn 0.000000 0.000000 1.000000
vn -0.000000 0.000000 1.000000
vn -0.000000 0.000000 1.000000
vn -0.000000 0.000000 1.000000
vn 0.000000 0.000000 1.000000
vn 0.000000 0.000000 1.000000
vn -0.000000 0.000000 1.000000
vn 0.000000 0.000000 1.000000
vn -0.000000 0.000000 1.000000
vn -0.000000 0.000000 1.000000
vn -0.000000 0.000000 1.000000
vn 0.000000 1.000000 0.000000
vn 0.000000 1.000000 0.000000
vn 0.000000 1.000000 0.000000
vn 0.000000 1.000000 0.000000
vn 0.000000 -1.000000 0.000000
vn 0.000000 -1.000000 0.000000
vn 0.000000 -1.000000 0.000000
vn 0.000000 -1.000000 0.000000
vn 1.000000 0.000000 0.000000
vn 1.000000 0.000000 0.000000
vn 1.000000 0.000000 0.000000
vn 1.000000 0.000000 0.000000
vn -1.000000 0.000000 0.000000
vn -1.000000 0.000000 0.000000
vn -1.000000 0.000000 0.000000
vn -1.000000 0.000000 0.000000
vn -0.000000 0.000000 1.000000
vn -0.000000 0.000000 1.000000
vn -0.000000 0.000000 1.000000
vn -0.000000 0.000000 1.000000
vn -0.707107 0.707107 0.000000
vn -0.707107 0.707107 0.000000
vn -0.707107 0.707107 0.000000
vn -0.707107 0.707107 0.000000
vn 0.707108 0.707106 0.000000
vn 0.707108 0.707106 0.000000
vn 0.707108 0.707106 0.000000
vn 0.707108 0.707106 0.000000
vn -0.707107 -0.707107 0.000000
vn -0.707107 -0.707107 0.000000
vn -0.707107 -0.707107 0.000000
vn -0.707107 -0.707107 0.000000
vn 0.707108 -0.707106 0.000000
vn 0.707108 -0.707106 0.000000
vn 0.707108 -0.707106 0.000000
vn 0.707108 -0.707106 0.000000
vn 0.000000 0.000000 -1.000000
vn 0.000000 0.000000 -1.000000
vn 0.000000 0.000000 -1.000000
vn 0.000000 0.000000 -1.000000
vn 0.000000 0.000000 -1.000000
vn 0.000000 0.000000 -1.000000
vn -0.000000 0.000000 -1.000000
vn -0.000000 0.000000 -1.000000
vn -0.000000 0.000000 -1.000000
vn -0.000000 0.000000 -1.000000
vn -0.000000 0.000000 -1.000000
vn -0.000000 0.000000 -1.000000
vn 0.000000 0.000000 -1.000000
vn 0.000000 0.000000 -1.000000
vn 0.000000 0.000000 -1.000000
vn 0.000000 0.000000 -1.000000
vn 0.000000 0.000000 1.000000
vn 0.000000 0.000000 1.000000
vn 0.000000 0.000000 1.000000
vn 0.000000 0.000000 1.000000
vn 0.000000 0.000000 1.000000
vn -0.000000 0.000000 1.000000
vn -0.000000 0.000000 1.000000
vn -0.000000 0.000000 1.000000
vn 0.000000 0.000000 1.000000
vn 0.000000 0.000000 1.000000
vn 0.000000 0.000000 1.000000
vn 0.000000 0.000000 1.000000
vn 0.000000 1.000000 0.000000
vn 0.000000 1.000000 0.000000
vn 0.000000 1.000000 0.000000
vn 0.000000 1.000000 0.000000
vn 0.000000 -1.000000 0.000000
vn 0.000000 -1.000000 0.000000
vn 0.000000 -1.000000 0.000000
vn 0.000000 -1.000000 0.000000
vn 1.000000 0.000000 0.000000
vn 1.000000 0.000000 0.000000
vn 1.000000 0.000000 0.000000
vn 1.000000 0.000000 0.000000
vn -1.000000 0.000000 0.000000
vn -1.000000 0.000000 0.000000
vn -1.000000 0.000000 0.000000
vn -1.000000 0.000000 0.000000
vn -0.000000 0.000000 1.000000
vn -0.000000 0.000000 1.000000
vn -0.000000 0.000000 1.000000
vn -0.000000 0.000000 1.000000
vn -0.707107 0.707107 0.000000
vn -0.707107 0.707107 0.000000
vn -0.707107 0.707107 0.000000
vn -0.707107 0.707107 0.000000
vn 0.707108 0.707106 0.000000
vn 0.707108 0.707106 0.000000
vn 0.707108 0.707106 0.000000
vn 0.707108 0.707106 0.000000
vn -0.707107 -0.707107 0.000000
vn -0.707107 -0.707107 0.000000
vn -0.707107 -0.707107 0.000000
vn -0.707107 -0.707107 0.000000
vn 0.707108 -0.707106 0.000000
vn 0.707108 -0.707106 0.000000
vn 0.707108 -0.707106 0.000000
vn 0.707108 -0.707106 0.000000
vn 0.000000 0.000000 -1.000000
vn 0.000000 0.000000 -1.000000
vn 0.000000 0.000000 -1.000000
vn 0.000000 0.000000 -1.000000
vn 0.000000 0.000000 -1.000000
vn 0.000000 0.000000 -1.000000
vn -0.000000 0.000000 -1.000000
vn -0.000000 0.000000 -1.000000
vn -0.000000 0.000000 -1.000000
vn -0.000000 0.000000 -1.000000
vn -0.000000 0.000000 -1.000000
vn -0.000000 0.000000 -1.000000
vn 0.000000 0.000000 -1.000000
vn 0.000000 0.000000 -1.000000
vn 0.000000 0.000000 -1.000000
vn 0.000000 0.000000 -1.000000
vn 0.000000 0.000000 1.000000
vn 0.000000 0.000000 1.000000
vn 0.000000 0.000000 1.000000
vn 0.000000 0.000000 1.000000
vn 0.000000 0.000000 1.000000
vn -0.000000 0.000000 1.000000
vn -0.000000 0.000000 1.000000
vn -0.000000 0.000000 1.000000
vn 0.000000 0.000000 1.000000
vn 0.000000 0.000000 1.000000
vn 0.000000 0.000000 1.000000
vn 0.000000 0.000000 1.000000
s off
g decor1 Mini_Panneau_3x2
usemtl initialShadingGroup
f 561/908/1525 562/901/1526 566/902/1527 565/911/1528
f 562/901/1529 563/904/1530 567/905/1531 566/902/1532
f 563/904/1533 564/906/1534 568/907/1535 567/905/1536
f 564/906/1537 561/900/1538 565/903/1539 568/907/1540
f 566/902/1541 567/905/1542 568/909/1543 565/910/1544
f 569/912/1545 570/913/1546 574/914/1547 573/915/1548
f 570/913/1549 571/916/1550 575/917/1551 574/914/1552
f 571/916/1553 572/918/1554 576/919/1555 575/917/1556
f 572/918/1557 569/920/1558 573/921/1559 576/919/1560
f 574/914/1561 575/917/1562 576/922/1563 573/923/1564
f 580/924/1565 578/925/1566 581/926/1567 584/927/1568
f 585/928/1569 588/929/1570 591/930/1571 590/931/1572
f 589/932/1573 592/933/1574 583/934/1575 582/935/1576
f 587/936/1577 586/937/1578 577/938/1579 579/939/1580
s 1
f 606/940/1581 603/941/1582 604/942/1583 605/943/1584
s off
f 577/938/1585 578/925/1586 580/924/1587 579/939/1588
f 581/926/1589 582/935/1590 583/934/1591 584/927/1592
f 585/928/1593 586/937/1594 587/936/1595 588/929/1596
f 589/932/1597 590/931/1598 591/930/1599 592/933/1600
s 2
f 579/939/1601 580/924/1602 593/944/1603 594/945/1604
f 580/924/1602 584/927/1605 595/946/1606 593/947/1603
f 584/927/1605 583/934/1607 596/948/1608 595/949/1606
f 583/934/1607 592/933/1609 597/950/1610 596/948/1608
f 592/933/1609 591/930/1611 598/951/1612 597/950/1610
f 591/930/1611 588/929/1613 599/952/1614 598/953/1612
f 588/929/1613 587/936/1615 600/954/1616 599/955/1614
f 587/936/1615 579/939/1601 594/945/1604 600/954/1616
s 1
f 586/937/1617 585/928/1618 601/956/1619 602/957/1620
f 585/928/1618 590/931/1621 603/958/1582 601/956/1619
f 590/931/1621 589/932/1622 604/959/1583 603/958/1582
f 589/932/1622 582/935/1623 605/960/1584 604/959/1583
f 582/935/1623 581/926/1624 606/961/1581 605/960/1584
f 581/926/1624 578/925/1625 607/962/1626 606/961/1581
f 578/925/1625 577/938/1627 608/963/1628 607/962/1626
f 577/938/1627 586/937/1617 602/957/1620 608/963/1628
f 602/964/1620 601/965/1619 607/966/1626 608/967/1628
f 607/966/1626 601/965/1619 603/941/1582 606/940/1581
s off
f 612/968/1629 610/969/1630 613/970/1631 616/971/1632
f 617/972/1633 620/973/1634 623/974/1635 622/975/1636
f 621/976/1637 624/977/1638 615/978/1639 614/979/1640
f 619/980/1641 618/981/1642 609/982/1643 611/983/1644
s 4
f 638/984/1645 635/985/1646 636/986/1647 637/987/1648
s off
f 609/982/1649 610/969/1650 612/968/1651 611/983/1652
f 613/970/1653 614/979/1654 615/978/1655 616/971/1656
f 617/972/1657 618/981/1658 619/980/1659 620/973/1660
f 621/976/1661 622/975/1662 623/974/1663 624/977/1664
s 5
f 611/983/1665 612/968/1666 625/988/1667 626/989/1668
f 612/968/1666 616/971/1669 627/990/1670 625/991/1667
f 616/971/1669 615/978/1671 628/992/1672 627/993/1670
f 615/978/1671 624/977/1673 629/994/1674 628/992/1672
f 624/977/1673 623/974/1675 630/995/1676 629/994/1674
f 623/974/1675 620/973/1677 631/996/1678 630/997/1676
f 620/973/1677 619/980/1679 632/998/1680 631/999/1678
f 619/980/1679 611/983/1665 626/989/1668 632/998/1680
s 4
f 618/981/1681 617/972/1682 633/1000/1683 634/1001/1684
f 617/972/1682 622/975/1685 635/1002/1646 633/1000/1683
f 622/975/1685 621/976/1686 636/1003/1647 635/1002/1646
f 621/976/1686 614/979/1687 637/1004/1648 636/1003/1647
f 614/979/1687 613/970/1688 638/1005/1645 637/1004/1648
f 613/970/1688 610/969/1689 639/1006/1690 638/1005/1645
f 610/969/1689 609/982/1691 640/1007/1692 639/1006/1690
f 609/982/1691 618/981/1681 634/1001/1684 640/1007/1692
f 634/1008/1684 633/1009/1683 639/1010/1690 640/1011/1692
f 639/1010/1690 633/1009/1683 635/985/1646 638/984/1645
s off
f 644/1012/1693 642/1013/1694 645/1014/1695 648/1015/1696
f 649/1016/1697 652/1017/1698 655/1018/1699 654/1019/1700
f 653/1020/1701 656/1021/1702 647/1022/1703 646/1023/1704
f 651/1024/1705 650/1025/1706 641/1026/1707 643/1027/1708
s 7
f 670/1028/1709 667/1029/1710 668/1030/1711 669/1031/1712
s off
f 641/1026/1713 642/1013/1714 644/1012/1715 643/1027/1716
f 645/1014/1717 646/1023/1718 647/1022/1719 648/1015/1720
f 649/1016/1721 650/1025/1722 651/1024/1723 652/1017/1724
f 653/1020/1725 654/1019/1726 655/1018/1727 656/1021/1728
s 8
f 643/1027/1729 644/1012/1730 657/1032/1731 658/1033/1732
f 644/1012/1730 648/1015/1733 659/1034/1734 657/1035/1731
f 648/1015/1733 647/1022/1735 660/1036/1736 659/1037/1734
f 647/1022/1735 656/1021/1737 661/1038/1738 660/1036/1736
f 656/1021/1737 655/1018/1739 662/1039/1740 661/1038/1738
f 655/1018/1739 652/1017/1741 663/1040/1742 662/1041/1740
f 652/1017/1741 651/1024/1743 664/1042/1744 663/1043/1742
f 651/1024/1743 643/1027/1729 658/1033/1732 664/1042/1744
s 7
f 650/1025/1745 649/1016/1746 665/1044/1747 666/1045/1748
f 649/1016/1746 654/1019/1749 667/1046/1710 665/1044/1747
f 654/1019/1749 653/1020/1750 668/1047/1711 667/1046/1710
f 653/1020/1750 646/1023/1751 669/1048/1712 668/1047/1711
f 646/1023/1751 645/1014/1752 670/1049/1709 669/1048/1712
f 645/1014/1752 642/1013/1753 671/1050/1754 670/1049/1709
f 642/1013/1753 641/1026/1755 672/1051/1756 671/1050/1754
f 641/1026/1755 650/1025/1745 666/1045/1748 672/1051/1756
f 666/1052/1748 665/1053/1747 671/1054/1754 672/1055/1756
f 671/1054/1754 665/1053/1747 667/1029/1710 670/1028/1709
g default
v -0.500000 0.072695 2.163186
v 0.500000 0.072695 2.163186
v -0.300167 0.580876 2.035914
v 0.300167 0.580876 2.035914
v -0.300167 0.580876 1.964086
v 0.300167 0.580876 1.964086
v -0.500000 0.072695 1.836814
v 0.500000 0.072695 1.836814
v 0.000000 0.072695 2.163186
v 0.000000 0.072695 1.836814
v 0.100000 0.072695 2.163186
v 0.060033 0.580876 2.035914
v 0.060033 0.580876 1.964086
v 0.100000 0.072695 1.836814
v -0.100000 0.072695 2.163186
v -0.060033 0.580876 2.035914
v -0.060033 0.580876 1.964086
v -0.100000 0.072695 1.836814
v -0.374822 0.300187 2.106212
v -0.374822 0.300187 1.893788
v -0.074964 0.300186 1.893788
v 0.000000 0.300186 1.893788
v 0.074964 0.300186 1.893788
v 0.374822 0.300187 1.893788
v 0.374822 0.300187 2.106212
v 0.074964 0.300186 2.106212
v 0.000000 0.300187 2.106212
v -0.074964 0.300187 2.106212
v 0.000000 0.533487 2.039715
v 0.000000 0.533487 1.960285
v 0.057701 0.533487 2.033982
v 0.057701 0.533487 1.966018
v -0.057701 0.533487 2.033982
v -0.057701 0.533487 1.966018
v -0.072052 0.300186 1.924465
v 0.000000 0.300186 1.911720
v 0.072052 0.300186 1.924465
v 0.000000 0.300187 2.088280
v 0.072052 0.300186 2.075535
v -0.072052 0.300187 2.075535
v -0.500000 -0.038791 2.163186
v -0.100000 -0.038791 2.163186
v -0.500000 -0.038791 1.836814
v -0.100000 -0.038791 1.836814
v 0.500000 -0.038791 1.836814
v 0.500000 -0.038791 2.163186
v 0.000000 -0.038791 2.163186
v 0.100000 -0.038791 2.163186
v 0.000000 -0.038791 1.836814
v 0.100000 -0.038791 1.836814
vt 0.822465 0.468171
vt 0.636235 0.487373
vt 0.637876 0.530373
vt 0.585097 0.518337
vt 0.800617 0.562998
vt 0.617149 0.580073
vt 0.788287 0.604226
vt 0.723599 0.564193
vt 0.720365 0.518125
vt 0.667626 0.530356
vt 0.669142 0.487386
vt 0.736589 0.476842
vt 0.736589 0.476863
vt 0.822467 0.468168
vt 0.812694 0.513131
vt 0.720359 0.518144
vt 0.652688 0.488066
vt 0.669141 0.487398
vt 0.667618 0.530367
vt 0.652744 0.529007
vt 0.758797 0.566818
vt 0.758800 0.576265
vt 0.751693 0.575852
vt 0.622360 0.573648
vt 0.652752 0.528999
vt 0.637884 0.530367
vt 0.652690 0.488057
vt 0.636236 0.487366
vt 0.617164 0.580069
vt 0.788310 0.604229
vt 0.723586 0.564213
vt 0.582126 0.564485
vt 0.765905 0.567231
vt 0.622345 0.573653
vt 0.758797 0.537618
vt 0.664432 0.535135
vt 0.749791 0.537948
vt 0.758800 0.605465
vt 0.664423 0.535145
vt 0.641101 0.535133
vt 0.822465 0.449030
vt 0.637483 0.468007
vt 0.667971 0.468015
vt 0.734345 0.458001
vt 0.734347 0.458022
vt 0.822463 0.449028
vt 0.652730 0.468635
vt 0.667972 0.468027
vt 0.637481 0.468000
vt 0.652729 0.468627
vt 0.568752 0.477022
vt 0.570980 0.457983
vt 0.766432 0.468172
vt 0.766432 0.449032
vt 0.652753 0.531864
vt 0.767806 0.605135
vt 0.765946 0.575844
vt 0.749794 0.605121
vt 0.788643 0.612374
vt 0.800312 0.612372
vt 0.751651 0.567239
vt 0.641110 0.535126
vt 0.652761 0.531855
vt 0.788619 0.612372
vt 0.683420 0.573570
vt 0.767804 0.537962
vt 0.585103 0.518338
vt 0.776215 0.513133
vt 0.766434 0.468179
vt 0.766430 0.449038
vt 0.568752 0.477018
vt 0.570983 0.457979
vt 0.800287 0.612371
vt 0.688655 0.579963
vt 0.800618 0.604226
vt 0.800642 0.604226
vt 0.683406 0.573583
vt 0.688639 0.579977
vt 0.776224 0.513138
vt 0.788302 0.563001
vt 0.812685 0.513133
vt 0.582113 0.564483
vt 0.800634 0.562999
vt 0.788285 0.562999
vn 0.000000 0.242945 0.970040
vn 0.000000 0.242945 0.970040
vn 0.000000 0.242945 0.970040
vn 0.000000 0.242945 0.970040
vn 0.000000 1.000000 0.000000
vn 0.000000 1.000000 0.000000
vn 0.000000 1.000000 0.000000
vn 0.000000 1.000000 0.000000
vn 0.000000 0.242945 -0.970040
vn 0.000000 0.242945 -0.970040
vn 0.000000 0.242945 -0.970040
vn 0.000000 0.242945 -0.970040
vn 0.876122 0.482089 0.000000
vn 0.876122 0.482089 0.000000
vn 0.876122 0.482089 0.000000
vn 0.876122 0.482089 0.000000
vn -0.876122 0.482089 0.000000
vn -0.876122 0.482089 0.000000
vn -0.876122 0.482089 0.000000
vn -0.876122 0.482089 0.000000
vn 0.000000 0.242945 0.970040
vn 0.000000 0.242945 0.970040
vn 0.000000 0.242945 0.970040
vn 0.000000 0.242945 0.970040
vn 0.000000 1.000000 0.000000
vn 0.000000 1.000000 0.000000
vn 0.000000 1.000000 0.000000
vn 0.000000 1.000000 0.000000
vn 0.000000 0.242945 -0.970040
vn 0.000000 0.242945 -0.970040
vn 0.000000 0.242945 -0.970040
vn 0.000000 0.242945 -0.970040
vn 0.000000 0.242945 0.970040
vn 0.000000 0.242945 0.970040
vn 0.000000 0.242945 0.970040
vn 0.000000 0.242945 0.970040
vn 0.000000 1.000000 0.000000
vn 0.000000 1.000000 0.000000
vn 0.000000 1.000000 0.000000
vn 0.000000 1.000000 0.000000
vn 0.000000 0.242945 -0.970040
vn 0.000000 0.242945 -0.970040
vn 0.000000 0.242945 -0.970040
vn 0.000000 0.242945 -0.970040
vn 0.000000 0.242945 0.970040
vn 0.000000 0.242945 0.970040
vn 0.000000 0.242945 0.970040
vn 0.000000 0.242945 0.970040
vn 0.000000 1.000000 0.000000
vn 0.000000 1.000000 0.000000
vn 0.000000 0.242945 -0.970040
vn 0.000000 0.242945 -0.970040
vn 0.000000 0.242945 -0.970040
vn 0.000000 0.242945 -0.970040
vn -0.966402 0.257034 0.000000
vn -0.966402 0.257034 0.000000
vn -0.966402 0.257034 0.000000
vn -0.966402 0.257034 0.000000
vn 0.000000 0.242945 -0.970040
vn 0.000000 0.242945 -0.970040
vn 0.000000 0.242945 -0.970040
vn 0.000000 0.242945 -0.970040
vn 0.000000 0.193775 -0.981046
vn -0.138365 0.191911 -0.971610
vn -0.138365 0.191911 -0.971610
vn 0.000000 0.193775 -0.981046
vn 0.138365 0.191911 -0.971610
vn 0.138365 0.191911 -0.971610
vn -0.000000 0.242945 -0.970040
vn -0.000000 0.242945 -0.970040
vn -0.000000 0.242945 -0.970040
vn -0.000000 0.242945 -0.970040
vn 0.966402 0.257034 0.000000
vn 0.966402 0.257034 0.000000
vn 0.966402 0.257034 0.000000
vn 0.966402 0.257034 0.000000
vn -0.000000 0.242945 0.970040
vn -0.000000 0.242945 0.970040
vn -0.000000 0.242945 0.970040
vn -0.000000 0.242945 0.970040
vn 0.000000 0.193775 0.981046
vn 0.000000 0.193775 0.981046
vn 0.138365 0.191911 0.971610
vn 0.138365 0.191911 0.971610
vn -0.138365 0.191911 0.971610
vn -0.138365 0.191911 0.971610
vn 0.000000 0.242945 0.970040
vn 0.000000 0.242945 0.970040
vn 0.000000 0.242945 0.970040
vn 0.000000 0.242945 0.970040
vn -0.998791 0.049165 0.000000
vn -0.998791 0.049165 0.000000
vn -0.998791 0.049165 0.000000
vn -0.998791 0.049165 0.000000
vn 0.998791 0.049165 0.000000
vn 0.998791 0.049165 0.000000
vn 0.998791 0.049165 0.000000
vn 0.998791 0.049165 0.000000
vn 0.000000 1.000000 -0.000001
vn 0.000000 1.000000 -0.000001
vn 0.000000 1.000000 -0.000001
vn 0.000000 1.000000 -0.000001
vn 0.983162 -0.016405 -0.181998
vn 0.983162 -0.016405 -0.181998
vn 0.983162 -0.016405 -0.181998
vn 0.983162 -0.016405 -0.181998
vn 0.000000 1.000000 -0.000001
vn 0.000000 1.000000 -0.000001
vn 0.000000 1.000000 -0.000001
vn 0.000000 1.000000 -0.000001
vn -0.983162 -0.016405 -0.181998
vn -0.983162 -0.016405 -0.181998
vn -0.983162 -0.016405 -0.181998
vn -0.983162 -0.016405 -0.181998
vn 0.000000 1.000000 -0.000000
vn 0.000000 1.000000 -0.000000
vn 0.000000 1.000000 -0.000000
vn 0.000000 1.000000 -0.000000
vn -0.983162 -0.016405 0.181998
vn -0.983162 -0.016405 0.181998
vn -0.983162 -0.016405 0.181998
vn -0.983162 -0.016405 0.181998
vn 0.983162 -0.016405 0.181998
vn 0.983162 -0.016405 0.181998
vn 0.983162 -0.016405 0.181998
vn 0.983162 -0.016405 0.181998
vn 0.000000 1.000000 -0.000000
vn 0.000000 1.000000 -0.000000
vn 0.000000 1.000000 -0.000000
vn 0.000000 1.000000 -0.000000
vn 0.000000 0.000000 1.000000
vn 0.000000 0.000000 1.000000
vn 0.000000 0.000000 1.000000
vn 0.000000 0.000000 1.000000
vn 0.000000 0.000000 -1.000000
vn 0.000000 0.000000 -1.000000
vn 0.000000 0.000000 -1.000000
vn 0.000000 0.000000 -1.000000
vn -1.000000 0.000000 0.000000
vn -1.000000 0.000000 0.000000
vn -1.000000 0.000000 0.000000
vn -1.000000 0.000000 0.000000
vn 1.000000 0.000000 0.000000
vn 1.000000 0.000000 0.000000
vn 1.000000 0.000000 0.000000
vn 1.000000 0.000000 0.000000
vn 0.000000 0.000000 1.000000
vn 0.000000 0.000000 1.000000
vn 0.000000 0.000000 1.000000
vn 0.000000 0.000000 1.000000
vn 0.000000 0.000000 -1.000000
vn 0.000000 0.000000 -1.000000
vn 0.000000 0.000000 -1.000000
vn 0.000000 0.000000 -1.000000
vn 0.000000 0.000000 1.000000
vn 0.000000 0.000000 1.000000
vn 0.000000 0.000000 1.000000
vn 0.000000 0.000000 1.000000
vn 0.000000 0.000000 -1.000000
vn 0.000000 0.000000 -1.000000
vn 0.000000 0.000000 -1.000000
vn 0.000000 0.000000 -1.000000
vn 0.000000 0.000000 1.000000
vn 0.000000 0.000000 1.000000
vn 0.000000 0.000000 1.000000
vn 0.000000 0.000000 1.000000
vn 0.000000 0.000000 -1.000000
vn 0.000000 0.000000 -1.000000
vn 0.000000 0.000000 -1.000000
vn 0.000000 0.000000 -1.000000
s off
g decor1 plot_beton
usemtl initialShadingGroup
f 687/1057/1757 700/1058/1758 691/1059/1759 673/1126/1760
f 675/1060/1761 688/1130/1762 689/1062/1763 677/1139/1764
f 690/1066/1765 679/1067/1766 692/1064/1767 693/1065/1768
f 674/1124/1769 680/1069/1770 696/1070/1771 697/1134/1772
f 673/1056/1773 691/1136/1774 692/1123/1775 679/1108/1776
f 683/1073/1777 698/1074/1778 699/1075/1779 681/1072/1780
s 1
f 702/1076/1781 701/1077/1782 703/1078/1783 704/1116/1784
s off
f 686/1083/1785 682/1082/1786 694/1080/1787 695/1081/1788
f 674/1068/1789 697/1071/1790 698/1074/1791 683/1073/1792
f 685/1131/1793 684/1085/1794 676/1135/1795 678/1138/1796
f 680/1106/1797 686/1083/1798 695/1081/1799 696/1122/1800
f 681/1072/1801 699/1075/1802 700/1058/1803 687/1057/1804
s 1
f 706/1088/1805 705/1112/1806 701/1077/1782 702/1076/1781
s off
f 682/1082/1807 690/1066/1808 693/1065/1809 694/1080/1810
f 692/1123/1811 691/1136/1812 675/1060/1813 677/1139/1814
f 677/1063/1815 689/1129/1816 693/1065/1817 692/1064/1818
s 2
f 708/1090/1819 707/1121/1820 706/1088/1821 702/1076/1822
f 709/1092/1823 708/1090/1819 702/1076/1822 704/1116/1824
s off
f 696/1122/1825 695/1081/1826 685/1084/1827 678/1087/1828
f 697/1134/1829 696/1070/1830 678/1138/1831 676/1135/1832
f 684/1133/1833 698/1074/1834 697/1071/1835 676/1086/1836
s 3
f 701/1077/1837 710/1093/1838 711/1113/1839 703/1078/1840
f 705/1112/1841 712/1111/1842 710/1093/1838 701/1077/1837
s off
f 691/1059/1843 700/1058/1844 688/1061/1845 675/1137/1846
f 684/1085/1847 685/1131/1848 704/1115/1849 703/1114/1850
f 689/1062/1851 688/1130/1852 705/1128/1853 706/1119/1854
f 694/1080/1855 693/1065/1856 707/1091/1857 708/1118/1858
f 693/1065/1859 689/1129/1860 706/1120/1861 707/1091/1862
f 695/1081/1863 694/1080/1864 708/1118/1865 709/1117/1866
f 685/1084/1867 695/1081/1868 709/1117/1869 704/1079/1870
f 699/1075/1871 698/1074/1872 711/1094/1873 710/1110/1874
f 698/1074/1875 684/1133/1876 703/1132/1877 711/1094/1878
f 688/1061/1879 700/1058/1880 712/1095/1881 705/1089/1882
f 700/1058/1883 699/1075/1884 710/1110/1885 712/1095/1886
f 687/1057/1887 673/1126/1888 713/1127/1889 714/1097/1890
f 679/1067/1891 690/1066/1892 716/1098/1893 715/1099/1894
f 673/1056/1895 679/1108/1896 715/1109/1897 713/1096/1898
f 680/1069/1899 674/1124/1900 718/1125/1901 717/1101/1902
f 683/1073/1903 681/1072/1904 719/1102/1905 720/1103/1906
f 682/1082/1907 686/1083/1908 722/1104/1909 721/1105/1910
f 674/1068/1911 683/1073/1912 720/1103/1913 718/1100/1914
f 686/1083/1915 680/1106/1916 717/1107/1917 722/1104/1918
f 681/1072/1919 687/1057/1920 714/1097/1921 719/1102/1922
f 690/1066/1923 682/1082/1924 721/1105/1925 716/1098/1926
g default
v 3.974627 2.146472 1.954500
v 4.000768 2.148179 1.980642
v 3.935910 2.149880 1.954500
v 3.909769 2.148179 1.980642
v 3.912117 2.477501 1.954500
v 3.934760 2.491047 1.980642
v 3.879310 2.457877 1.954500
v 3.856667 2.444331 1.980642
v 3.714103 2.693906 1.954500
v 3.726455 2.717222 1.980642
v 3.696207 2.660125 1.954500
v 3.683854 2.636809 1.980642
v 3.485712 2.786645 1.974479
v 3.485712 2.751916 1.940016
v 3.485712 2.689802 1.974479
v 3.485712 2.720006 1.940016
v 3.485712 2.786645 2.025521
v 3.485712 2.751916 2.059984
v 3.485712 2.720006 2.059984
v 3.485712 2.689802 2.025521
v 3.714103 2.693906 2.045500
v 3.726455 2.717222 2.019358
v 3.696207 2.660125 2.045500
v 3.683854 2.636809 2.019358
v 3.912117 2.477501 2.045500
v 3.934760 2.491047 2.019358
v 3.879310 2.457877 2.045500
v 3.856667 2.444331 2.019358
v 3.974627 2.146472 2.045500
v 4.000768 2.148179 2.019358
v 3.935910 2.149880 2.045500
v 3.909769 2.148179 2.019358
v 3.433503 2.745836 1.869217
v 3.433503 2.790738 1.944358
v 3.433503 2.697760 1.869217
v 3.433503 2.666107 1.909603
v 3.433503 2.666107 2.090397
v 3.433503 2.697760 2.130783
v 3.433503 2.745836 2.130783
v 3.433503 2.790738 2.055642
v 3.256184 2.745836 1.869217
v 3.256184 2.790738 1.944358
v 3.256184 2.697760 1.869217
v 3.256184 2.666107 1.909603
v 3.256184 2.666107 2.090397
v 3.256184 2.697760 2.130783
v 3.256184 2.745836 2.130783
v 3.256184 2.790738 2.055642
v 3.123582 2.734318 1.934814
v 3.154535 2.763322 1.972266
v 3.123582 2.692297 1.934814
v 3.154535 2.663293 1.972266
v 3.154535 2.663293 2.027734
v 3.123582 2.692297 2.065186
v 3.123582 2.734318 2.065186
v 3.154535 2.763322 2.027734
v 3.974627 0.713929 1.954500
v 4.000768 0.714441 1.980642
v 4.000768 0.714441 2.019358
v 3.974627 0.713929 2.045500
v 3.935910 0.714951 2.045500
v 3.909769 0.714441 2.019358
v 3.909769 0.714441 1.980642
v 3.935910 0.714951 1.954500
v 3.977023 -0.000000 1.884962
v 4.044070 -0.000000 1.952010
v 3.977023 0.643942 1.884962
v 4.044070 0.644454 1.952010
v 3.813995 -0.000000 1.952010
v 3.881042 -0.000000 1.884962
v 3.813995 0.644454 1.952010
v 3.881042 0.644964 1.884962
v 4.044070 0.644454 2.047990
v 3.977023 0.643942 2.115037
v 3.977023 -0.000000 2.115037
v 4.044070 -0.000000 2.047990
v 3.881042 0.644964 2.115037
v 3.813995 0.644454 2.047990
v 3.813995 -0.000000 2.047990
v 3.881042 -0.000000 2.115037
vt 0.894964 0.241220
vt 0.901096 0.248054
vt 0.879967 0.247694
vt 0.886268 0.241042
vt 0.858977 0.018286
vt 0.875962 0.016471
vt 0.885363 0.125170
vt 0.871626 0.129429
vt 0.893183 0.014848
vt 0.910684 0.014374
vt 0.912097 0.120355
vt 0.899033 0.122278
vt 0.797136 0.251759
vt 0.803841 0.251759
vt 0.803841 0.304607
vt 0.797136 0.304607
vt 0.809729 0.251759
vt 0.816206 0.251759
vt 0.816206 0.304607
vt 0.809729 0.304607
vt 0.803841 0.350224
vt 0.797136 0.350224
vt 0.816206 0.350224
vt 0.809729 0.350224
vt 0.906711 0.184841
vt 0.896149 0.185397
vt 0.943534 0.185585
vt 0.935989 0.182459
vt 0.885819 0.185767
vt 0.875468 0.184991
vt 0.835250 0.350224
vt 0.789723 0.350224
vt 0.869933 0.182461
vt 0.952397 0.185456
vt 0.822904 0.350224
vt 0.829345 0.350224
vt 0.835250 0.304607
vt 0.789723 0.304607
vt 0.822904 0.304607
vt 0.829345 0.304607
vt 0.835250 0.251759
vt 0.841751 0.251759
vt 0.822904 0.251759
vt 0.829345 0.251759
vt 0.856498 0.134853
vt 0.952370 0.127762
vt 0.962811 0.016978
vt 0.979536 0.018840
vt 0.938549 0.123603
vt 0.925456 0.120985
vt 0.928407 0.014327
vt 0.945856 0.015179
vt 0.915695 0.197251
vt 0.900912 0.194635
vt 0.924730 0.194174
vt 0.933087 0.195385
vt 0.962816 0.195453
vt 0.858391 0.196186
vt 0.866167 0.197183
vt 0.881039 0.194880
vt 0.914070 0.227195
vt 0.899835 0.224377
vt 0.923933 0.225477
vt 0.932674 0.225077
vt 0.963446 0.224861
vt 0.859632 0.229914
vt 0.867406 0.226640
vt 0.881695 0.224137
vt 0.936642 0.248572
vt 0.943548 0.241695
vt 0.952769 0.241758
vt 0.877299 0.254005
vt 0.879212 0.142532
vt 0.888644 0.141033
vt 0.950722 0.146164
vt 0.944337 0.142756
vt 0.934122 0.141054
vt 0.923129 0.140434
vt 0.911559 0.141069
vt 0.900112 0.140624
vt 0.809729 0.014327
vt 0.803841 0.014327
vt 0.816206 0.014327
vt 0.822904 0.014327
vt 0.829345 0.014327
vt 0.835250 0.014327
vt 0.841751 0.014327
vt 0.797136 0.014327
vt 0.822904 0.387596
vt 0.829345 0.387596
vt 0.835250 0.387596
vt 0.789723 0.387596
vt 0.809729 0.387596
vt 0.816206 0.387596
vt 0.803841 0.387596
vt 0.797136 0.387596
vt 0.842616 0.020141
vt 0.966284 0.133668
vt 0.789723 0.014327
vt 0.872335 0.146154
vt 0.789723 0.251759
vt 0.841751 0.304607
vt 0.841751 0.350224
vt 0.841751 0.387596
vt 0.903737 0.253933
vt 0.959796 0.248410
vt 0.972040 0.225156
vt 0.921423 0.230533
vt 0.971371 0.194277
vt 0.923918 0.196521
vt 0.960048 0.182465
vt 0.912378 0.182472
vt 0.923129 0.140434
vt 0.934122 0.141054
vt 0.944337 0.142756
vt 0.900112 0.140624
vt 0.911559 0.141069
vt 0.879212 0.142532
vt 0.888644 0.141033
vn -0.683758 0.729709 0.000000
vn -0.683758 0.729709 0.000000
vn -0.683758 0.729709 0.000000
vn -0.683758 0.729709 0.000000
vn 0.707106 0.000000 -0.707107
vn 0.707106 0.000000 -0.707107
vn 0.707106 0.000000 -0.707107
vn 0.707106 0.000000 -0.707107
vn -0.707106 0.000000 -0.707108
vn -0.707106 0.000000 -0.707108
vn -0.707106 0.000000 -0.707108
vn -0.707106 0.000000 -0.707108
vn 0.704656 0.134383 -0.696707
vn 0.704656 0.134383 -0.696707
vn 0.704656 0.134383 -0.696707
vn 0.704656 0.134383 -0.696707
vn -0.706180 -0.128229 -0.696324
vn -0.706180 -0.128229 -0.696324
vn -0.706180 -0.128229 -0.696324
vn -0.706180 -0.128229 -0.696324
vn 0.528786 0.485463 -0.696211
vn 0.528787 0.485463 -0.696211
vn 0.528786 0.485463 -0.696211
vn 0.528786 0.485463 -0.696211
vn -0.533287 -0.480855 -0.695977
vn -0.533287 -0.480855 -0.695977
vn -0.533287 -0.480855 -0.695977
vn -0.533287 -0.480855 -0.695977
vn 0.216172 0.682738 -0.697953
vn 0.216172 0.682738 -0.697953
vn 0.216172 0.682738 -0.697953
vn 0.216172 0.682738 -0.697953
vn -0.165567 -0.722237 -0.671536
vn -0.165567 -0.722237 -0.671536
vn -0.165567 -0.722237 -0.671536
vn -0.165567 -0.722237 -0.671536
vn 0.216170 0.682739 0.697953
vn 0.216170 0.682739 0.697953
vn 0.216170 0.682739 0.697953
vn 0.216170 0.682739 0.697953
vn -0.165566 -0.722238 0.671536
vn -0.165566 -0.722238 0.671536
vn -0.165566 -0.722238 0.671536
vn -0.165566 -0.722238 0.671536
vn 0.528788 0.485464 0.696210
vn 0.528788 0.485464 0.696210
vn 0.528788 0.485464 0.696210
vn 0.528788 0.485464 0.696210
vn -0.533289 -0.480856 0.695975
vn -0.533289 -0.480856 0.695975
vn -0.533289 -0.480856 0.695975
vn -0.533289 -0.480856 0.695975
vn 0.704658 0.134384 0.696705
vn 0.704658 0.134384 0.696705
vn 0.704658 0.134384 0.696705
vn 0.704658 0.134384 0.696705
vn -0.706183 -0.128228 0.696322
vn -0.706182 -0.128228 0.696322
vn -0.706183 -0.128228 0.696322
vn -0.706183 -0.128228 0.696322
vn 0.707106 0.000000 0.707107
vn 0.707106 0.000000 0.707107
vn 0.707106 0.000000 0.707107
vn 0.707106 0.000000 0.707107
vn -0.707107 0.000000 0.707107
vn -0.707107 0.000000 0.707107
vn -0.707107 0.000000 0.707107
vn -0.707107 0.000000 0.707107
vn -0.000002 0.000000 -1.000000
vn -0.000002 0.000000 -1.000000
vn -0.000002 0.000000 -1.000000
vn -0.000002 0.000000 -1.000000
vn -0.000001 0.000000 -1.000000
vn -0.000001 0.000000 -1.000000
vn -0.000001 0.000000 -1.000000
vn -0.000001 0.000000 -1.000000
vn 0.000001 0.000000 -1.000000
vn 0.000001 0.000000 -1.000000
vn 0.000001 0.000000 -1.000000
vn 0.000001 0.000000 -1.000000
vn 0.061380 -0.016721 -0.997974
vn 0.061380 -0.016721 -0.997974
vn 0.061380 -0.016721 -0.997974
vn 0.061380 -0.016721 -0.997974
vn 0.061379 -0.016721 0.997975
vn 0.061379 -0.016721 0.997974
vn 0.061379 -0.016721 0.997974
vn 0.061379 -0.016721 0.997975
vn 0.000001 0.000000 1.000000
vn 0.000001 0.000000 1.000000
vn 0.000001 0.000000 1.000000
vn 0.000001 0.000000 1.000000
vn -0.000000 0.000000 1.000000
vn -0.000000 0.000000 1.000000
vn -0.000000 0.000000 1.000000
vn -0.000000 0.000000 1.000000
vn 0.000000 0.000000 1.000000
vn 0.000000 0.000000 1.000000
vn 0.000000 0.000000 1.000000
vn 0.000000 0.000000 1.000000
vn -1.000000 0.000000 0.000000
vn -1.000000 0.000000 0.000000
vn -1.000000 0.000000 0.000000
vn -1.000000 0.000000 0.000000
vn -0.984302 -0.176492 0.000000
vn -0.984302 -0.176492 0.000000
vn -0.984302 -0.176492 0.000000
vn -0.984302 -0.176492 0.000000
vn -0.744095 -0.668074 0.000000
vn -0.744095 -0.668074 0.000000
vn -0.744095 -0.668074 0.000000
vn -0.744095 -0.668074 0.000000
vn -0.258369 -0.966046 0.000000
vn -0.258369 -0.966046 0.000000
vn -0.258369 -0.966046 0.000000
vn -0.258369 -0.966046 0.000000
vn 1.000000 0.000000 0.000000
vn 1.000000 0.000000 0.000000
vn 1.000000 0.000000 0.000000
vn 1.000000 0.000000 0.000000
vn 0.981968 0.189046 0.000000
vn 0.981968 0.189046 0.000000
vn 0.981968 0.189046 0.000000
vn 0.981968 0.189046 0.000000
vn 0.735567 0.677452 0.000000
vn 0.735567 0.677452 0.000000
vn 0.735567 0.677452 0.000000
vn 0.735567 0.677452 0.000000
vn 0.277081 0.960847 0.000000
vn 0.277081 0.960847 0.000000
vn 0.277081 0.960847 0.000000
vn 0.277081 0.960847 0.000000
vn 0.483730 0.708070 -0.514433
vn 0.483730 0.708070 -0.514433
vn 0.483730 0.708070 -0.514433
vn 0.483730 0.708070 -0.514433
vn 0.804835 0.000000 -0.593499
vn 0.804835 0.000000 -0.593499
vn 0.804835 0.000000 -0.593499
vn 0.804835 0.000000 -0.593499
vn 0.759309 -0.501610 -0.414533
vn 0.759309 -0.501610 -0.414533
vn 0.759309 -0.501610 -0.414533
vn 0.759309 -0.501610 -0.414533
vn 0.413280 -0.910604 0.000000
vn 0.413280 -0.910604 0.000000
vn 0.413280 -0.910604 0.000000
vn 0.413280 -0.910604 0.000000
vn 0.759310 -0.501608 0.414534
vn 0.759310 -0.501608 0.414534
vn 0.759310 -0.501608 0.414534
vn 0.759310 -0.501608 0.414534
vn 0.804834 -0.000004 0.593500
vn 0.804834 -0.000004 0.593500
vn 0.804834 -0.000004 0.593500
vn 0.804834 -0.000004 0.593500
vn 0.483731 0.708069 0.514434
vn 0.483731 0.708069 0.514434
vn 0.483731 0.708069 0.514434
vn 0.483731 0.708069 0.514434
vn 0.078160 0.996941 0.000000
vn 0.078160 0.996941 0.000000
vn 0.078160 0.996941 0.000000
vn 0.078160 0.996941 0.000000
vn 0.000000 0.858410 -0.512965
vn 0.000000 0.858410 -0.512965
vn 0.000000 0.858410 -0.512965
vn 0.000000 0.858410 -0.512965
vn 0.000000 0.000000 -1.000000
vn 0.000000 0.000000 -1.000000
vn 0.000000 0.000000 -1.000000
vn 0.000000 0.000000 -1.000000
vn 0.000000 -0.787073 -0.616860
vn 0.000000 -0.787073 -0.616860
vn 0.000000 -0.787073 -0.616860
vn 0.000000 -0.787073 -0.616860
vn 0.000000 -1.000000 0.000000
vn 0.000000 -1.000000 0.000000
vn 0.000000 -1.000000 0.000000
vn 0.000000 -1.000000 0.000000
vn 0.000000 -0.787070 0.616863
vn 0.000000 -0.787070 0.616863
vn 0.000000 -0.787070 0.616863
vn 0.000000 -0.787070 0.616863
vn 0.000000 -0.000005 1.000000
vn 0.000000 -0.000005 1.000000
vn 0.000000 -0.000005 1.000000
vn 0.000000 -0.000005 1.000000
vn 0.000000 0.858409 0.512966
vn 0.000000 0.858409 0.512966
vn 0.000000 0.858409 0.512966
vn 0.000000 0.858409 0.512966
vn 0.000000 1.000000 0.000000
vn 0.000000 1.000000 0.000000
vn 0.000000 1.000000 0.000000
vn 0.000000 1.000000 0.000000
vn -0.320259 0.829954 -0.456740
vn -0.320259 0.829954 -0.456740
vn -0.320259 0.829954 -0.456740
vn -0.320259 0.829954 -0.456740
vn -0.443407 0.000000 -0.896321
vn -0.443406 0.000000 -0.896321
vn -0.443407 0.000000 -0.896321
vn -0.443407 0.000000 -0.896321
vn -0.260007 -0.809063 -0.527080
vn -0.260007 -0.809063 -0.527080
vn -0.260007 -0.809063 -0.527080
vn -0.260007 -0.809063 -0.527080
vn 0.027674 -0.999617 0.000000
vn 0.027674 -0.999617 0.000000
vn 0.027674 -0.999617 0.000000
vn 0.027674 -0.999617 0.000000
vn -0.260009 -0.809064 0.527077
vn -0.260009 -0.809064 0.527077
vn -0.260009 -0.809064 0.527077
vn -0.260009 -0.809064 0.527077
vn -0.443404 -0.000004 0.896322
vn -0.443404 -0.000004 0.896322
vn -0.443404 -0.000004 0.896322
vn -0.443404 -0.000004 0.896322
vn -0.320259 0.829954 0.456739
vn -0.320259 0.829954 0.456739
vn -0.320259 0.829954 0.456739
vn -0.320259 0.829954 0.456739
vn -0.260407 0.965499 0.000000
vn -0.260407 0.965499 0.000000
vn -0.260407 0.965499 0.000000
vn -0.260407 0.965499 0.000000
vn -1.000000 0.000000 0.000000
vn -1.000000 0.000000 0.000000
vn -1.000000 0.000000 0.000000
vn -1.000000 0.000000 0.000000
vn -0.683759 -0.729708 0.000000
vn -0.683759 -0.729708 0.000000
vn -0.683759 -0.729708 0.000000
vn -0.683759 -0.729708 0.000000
vn 0.707104 0.000000 -0.707110
vn 0.707104 0.000000 -0.707110
vn 0.707104 0.000000 -0.707110
vn 0.707104 0.000000 -0.707110
vn 1.000000 0.000000 0.000000
vn 1.000000 0.000000 0.000000
vn 1.000000 0.000000 0.000000
vn 1.000000 0.000000 0.000000
vn 0.707111 0.000000 0.707103
vn 0.707111 0.000000 0.707103
vn 0.707111 0.000000 0.707103
vn 0.707111 0.000000 0.707103
vn 0.000000 0.000000 1.000000
vn 0.000000 0.000000 1.000000
vn 0.000000 0.000000 1.000000
vn 0.000000 0.000000 1.000000
vn -0.707115 0.000000 0.707099
vn -0.707115 0.000000 0.707099
vn -0.707115 0.000000 0.707099
vn -0.707115 0.000000 0.707099
vn -1.000000 0.000000 0.000000
vn -1.000000 0.000000 0.000000
vn -1.000000 0.000000 0.000000
vn -1.000000 0.000000 0.000000
vn -0.707112 0.000000 -0.707101
vn -0.707112 0.000000 -0.707101
vn -0.707112 0.000000 -0.707101
vn -0.707112 0.000000 -0.707101
vn 0.000008 0.000000 -1.000000
vn 0.000008 0.000000 -1.000000
vn 0.000008 0.000000 -1.000000
vn 0.000008 0.000000 -1.000000
vn 0.568349 0.588698 -0.574817
vn 0.568349 0.588698 -0.574817
vn 0.568349 0.588698 -0.574817
vn 0.568349 0.588698 -0.574817
vn -0.443963 0.783157 -0.435387
vn -0.443963 0.783157 -0.435387
vn -0.443963 0.783157 -0.435387
vn -0.443963 0.783157 -0.435387
vn 0.568349 0.588699 0.574815
vn 0.568349 0.588699 0.574815
vn 0.568349 0.588699 0.574815
vn 0.568349 0.588699 0.574815
vn -0.443965 0.783157 0.435386
vn -0.443965 0.783157 0.435386
vn -0.443965 0.783157 0.435386
vn -0.443965 0.783157 0.435386
vn 0.010666 0.702772 -0.711335
vn 0.010666 0.702772 -0.711335
vn 0.010666 0.702772 -0.711335
vn 0.010666 0.702772 -0.711335
vn 0.010666 0.702770 0.711337
vn 0.010666 0.702770 0.711337
vn 0.010666 0.702770 0.711337
vn 0.010666 0.702770 0.711337
vn -0.590008 0.807397 0.000000
vn -0.590008 0.807397 0.000000
vn -0.590008 0.807397 0.000000
vn -0.590008 0.807397 0.000000
vn 0.850390 0.526154 0.000000
vn 0.850390 0.526154 0.000000
vn 0.850390 0.526154 0.000000
vn 0.850390 0.526154 0.000000
s off
g decor1 lampadaire1
usemtl initialShadingGroup
f 772/1140/1927 771/1141/1928 777/1142/1929 778/1143/1930
f 788/1144/1931 787/1145/1932 789/1146/1933 790/1147/1934
f 792/1148/1935 791/1149/1936 793/1150/1937 794/1151/1938
f 724/1152/1939 723/1153/1940 727/1154/1941 728/1155/1942
f 725/1156/1943 726/1157/1944 730/1158/1945 729/1159/1946
f 728/1155/1947 727/1154/1948 731/1160/1949 732/1161/1950
f 729/1159/1951 730/1158/1952 734/1162/1953 733/1163/1954
f 732/1161/1955 731/1160/1956 736/1234/1957 735/1235/1958
f 733/1163/1959 734/1162/1960 737/1233/1961 738/1232/1962
f 739/1243/1963 740/1230/1964 743/1170/1965 744/1242/1966
f 741/1229/1967 742/1228/1968 746/1174/1969 745/1175/1970
f 744/1242/1971 743/1170/1972 747/1176/1973 748/1241/1974
f 745/1175/1975 746/1174/1976 750/1178/1977 749/1179/1978
f 748/1241/1979 747/1176/1980 751/1180/1981 752/1181/1982
f 749/1179/1983 750/1178/1984 754/1182/1985 753/1183/1986
f 795/1237/1987 796/1185/1988 797/1186/1989 798/1187/1990
f 799/1188/1991 800/1189/1992 801/1190/1993 802/1191/1994
f 794/1151/1995 789/1146/1996 787/1145/1997 792/1148/1998
f 727/1154/1999 723/1153/2000 725/1156/2001 729/1159/2002
f 731/1160/2003 727/1154/2004 729/1159/2005 733/1163/2006
f 736/1234/2007 731/1160/2008 733/1163/2009 738/1232/2010
f 743/1170/2011 740/1230/2012 741/1229/2013 745/1175/2014
f 747/1176/2015 743/1170/2016 745/1175/2017 749/1179/2018
f 751/1180/2019 747/1176/2020 749/1179/2021 753/1183/2022
f 797/1186/2023 796/1185/2024 799/1188/2025 802/1191/2026
f 800/1189/2027 793/1150/2028 791/1149/2029 801/1190/2030
f 730/1158/2031 726/1157/2032 754/1182/2033 750/1178/2034
f 734/1162/2035 730/1158/2036 750/1178/2037 746/1174/2038
f 737/1233/2039 734/1162/2040 746/1174/2041 742/1228/2042
f 790/1147/2043 795/1184/2044 798/1236/2045 788/1144/2046
f 748/1177/2047 752/1240/2048 724/1152/2049 728/1155/2050
f 744/1171/2051 748/1177/2052 728/1155/2053 732/1161/2054
f 739/1231/2055 744/1171/2056 732/1161/2057 735/1235/2058
f 735/1165/2059 736/1164/2060 755/1192/2061 756/1193/2062
f 736/1164/2063 738/1251/2064 757/1249/2065 755/1192/2066
f 738/1167/2067 737/1166/2068 758/1195/2069 757/1194/2070
f 737/1166/2071 742/1173/2072 759/1196/2073 758/1195/2074
f 742/1173/2075 741/1250/2076 760/1248/2077 759/1196/2078
f 741/1172/2079 740/1169/2080 761/1198/2081 760/1197/2082
f 740/1169/2083 739/1168/2084 762/1199/2085 761/1198/2086
f 739/1168/2087 735/1165/2088 756/1193/2089 762/1199/2090
f 756/1193/2091 755/1192/2092 763/1200/2093 764/1201/2094
f 755/1192/2095 757/1249/2096 765/1247/2097 763/1200/2098
f 757/1194/2099 758/1195/2100 766/1203/2101 765/1202/2102
f 758/1195/2103 759/1196/2104 767/1204/2105 766/1203/2106
f 759/1196/2107 760/1248/2108 768/1246/2109 767/1204/2110
f 760/1197/2111 761/1198/2112 769/1206/2113 768/1205/2114
f 761/1198/2115 762/1199/2116 770/1207/2117 769/1206/2118
f 762/1199/2119 756/1193/2120 764/1201/2121 770/1207/2122
f 764/1201/2123 763/1200/2124 771/1141/2125 772/1140/2126
f 763/1200/2127 765/1247/2128 773/1244/2129 771/1141/2130
f 765/1202/2131 766/1203/2132 774/1209/2133 773/1208/2134
f 766/1203/2135 767/1204/2136 775/1210/2137 774/1209/2138
f 767/1204/2139 768/1246/2140 776/1245/2141 775/1210/2142
f 768/1205/2143 769/1206/2144 777/1142/2145 776/1211/2146
f 769/1206/2147 770/1207/2148 778/1143/2149 777/1142/2150
f 770/1207/2151 764/1201/2152 772/1140/2153 778/1143/2154
f 777/1142/2155 771/1141/2156 773/1244/2157 776/1211/2158
f 776/1245/2159 773/1208/2160 774/1209/2161 775/1210/2162
f 780/1227/2163 779/1221/2164 723/1153/2165 724/1152/2166
f 752/1240/2167 781/1238/2168 780/1227/2169 724/1152/2170
f 752/1181/2171 751/1180/2172 782/1225/2173 781/1226/2174
f 783/1224/2175 782/1225/2176 751/1180/2177 753/1183/2178
f 753/1183/2179 754/1182/2180 784/1223/2181 783/1224/2182
f 726/1157/2183 785/1222/2184 784/1223/2185 754/1182/2186
f 786/1220/2187 785/1222/2188 726/1157/2189 725/1156/2190
f 723/1153/2191 779/1221/2192 786/1220/2193 725/1156/2194
f 779/1213/2195 780/1257/2196 790/1147/2197 789/1146/2198
f 785/1218/2199 786/1255/2200 794/1151/2201 793/1150/2202
f 781/1214/2203 782/1254/2204 796/1185/2205 795/1237/2206
f 783/1216/2207 784/1252/2208 800/1189/2209 799/1188/2210
f 786/1219/2211 779/1258/2212 789/1146/2213 794/1151/2214
f 782/1215/2215 783/1253/2216 799/1188/2217 796/1185/2218
f 784/1217/2219 785/1256/2220 793/1150/2221 800/1189/2222
f 780/1212/2223 781/1239/2224 795/1184/2225 790/1147/2226
